,店铺名称,store_id,所属品牌,店铺地址,营业时间,店铺电话,会员权益,店铺描述,店铺亮点,店铺评分,人均价格,适合就餐人数,适合场景,一级业态,二级业态,菜系,口味,辣度,设施,服务,环境,排队信息,店铺招牌,店铺图片,picture,
1,薛记炒货,83803,薛记炒货,郑州正弘城B1,10:00-22:00,15136432871,,"😍宝子们，一定要来薛记炒货呀！

🥜他家主打各种炒货，坚果、果脯、炒货零食超丰富。店铺风格简约明亮，一进去就能看到满满当当的美味。

🌰人气单品那可太多啦，像奶香核桃，又香又脆，奶香味超浓郁；还有蟹黄味瓜子仁，咸香上头，一口一个根本停不下来。

🤗适合人群超广，追剧的时候来一包，嘴巴根本闲不下来；上班、上学带几包，随时补充能量。无论是自己吃还是送人，薛记炒货都超合适，每次路过我都得进去囤点！ ",收录3年,4.3,¥44/人,1-2人,"朋友,一个人",餐饮美食,其他美食,干果,"甜,咸",不辣,"有停车场,有WIFI","纸巾提供,可带宠物","复古风,热闹",,,,,
2,福前小酥肉,83833,福前小酥肉,郑州正弘城B1,10:00-22:00,18539821818,," 一口酥肉，一口福！这家宝藏小酥肉店必须安利🎉
🌮店名：福前小酥肉
📍位置：[具体地址]

一进店，就能闻到酥肉的香气，简直太诱人啦😍！店铺装修很有特色，满满的国潮风，让人眼前一亮✨。

他家主打小酥肉，现点现炸，出锅的酥肉金黄酥脆，咬一口“嘎吱”响，肉嫩多汁，撒上调料，味道绝绝子👍！还有多种口味可选，满足不同味蕾~无论是逛街累了来一份，还是追剧时当零食，都超合适😋。不管是小吃货还是打工人，福前小酥肉都能给你带来满满的幸福感，快来尝尝吧🥰！ ",收录5年,4.2,¥16/人,"1-2人,3-4人","情侣,朋友,孩子",餐饮美食,小吃快餐,西北菜,"咸,辣",微辣,"有停车场,有WIFI","纸巾提供,可带宠物","复古风,热闹",,,,,
3,薇薇安,83835,薇薇安,郑州正弘城B1,10:00-22:00,13015533079,,从海南火到全国的「千层蛋糕天花板」，靠泰国金枕榴莲千层和海南凯特芒果千层圈粉无数！每层1mm超薄蛋皮+爆浆果肉，挖一勺直接视觉暴击💥 隐藏玩法：冷冻2小时变冰淇淋蛋糕，咸奶油奥利奥款甜咸党必冲！小红书博主狂晒“厚度对比图”，配文“这果肉含量是真实存在的吗？！” 进店暗号“小红书来的”送迷你试吃装，生日福利送「榴莲抱抱桶」~ 从微商起家到全国连锁，薇薇安用实在用料成为甜品界内卷之王！,经三路沿线面包甜点热门榜·第一名,4.2,¥38/人,"1-2人,3-4人","情侣,家人,朋友",餐饮美食,面包甜点,甜品饮品 奶茶,"甜,酸甜",不辣,"有停车场,有WIFI,商场公共卫生间","纸巾提供,儿童餐具","现代简约,花园风,靠窗",,,,,
4,徐叨叨,83836,徐叨叨,郑州正弘城B1,10:00-22:00,13526853526,,"🍜徐叨叨小吃｜社畜の深夜味蕾觉醒！川豫混血面条暴击碳水脑
真实背景核验：
河南本土爆款小吃，创始人徐叨叨曾任川菜厨师，2023年自创“烩面×川味红油”配方抖音出圈，洛阳3家直营店稳居大众点评面馆热门榜TOP3，获河南电视台《香香美食》专题报道（2023.11.19）。
灵魂暴击三件套：
🔥 甩锅烩面——
▫️ 混血基因：河南手扯裤带面+川式㸆辣椒油，浇头塞满卤牛腱+溏心蛋
▫️ 名场面：店员甩面入锅喊“甲方甩锅？俺把锅气甩回去！”
🔥 KPI煎饼——
▫️ 杂粮脆皮卷肥肠荆芥，刷秘制腐乳辣酱，夜班党称“续命弹药库”
🔥 摸鱼豆腐串——
▫️ 洛阳高碑豆腐冷热两吃，芝麻酱拌油泼辣子蘸汁，香到摸鱼被逮也不撒手",金水万达/蓝堡湾小吃快餐好评榜·第四名,4.2,¥20/人,1-2人,"朋友,同事,一个人",餐饮美食,小吃快餐,小面,"咸鲜,甜咸,酸辣",微辣,"有停车场,有WIFI","扫码点餐,纸巾提供","中式典雅,有卡座,明亮",,,,,
5,热热热干面,83842,热热凉凉热干面凉面,郑州正弘城B1,10:00-22:00,15038185226,,"🥢宝子们，发现一家超赞的热干面店👉热热热干面🎉！

一进店，浓郁的武汉风情装修就超吸睛😍，木质桌椅、复古招牌，满满都是烟火气🎇。】
他家主打热干面，面条劲道有嚼劲，芝麻酱香气扑鼻，每一口都超满足🤩！配菜丰富爽口，一口面一口菜，绝了👍！

无论是忙碌的上班族💼，还是爱尝鲜的吃货们😋，都超适合来这儿！吃一碗热干面，瞬间活力满满💪！宝子们一定要来试试，保证让你爱上这口热干面🥰！ ",郑州热干面菜品榜第10名,4.2,¥19/人,1-2人,"朋友,同事,一个人",餐饮美食,小吃快餐,小面,"咸鲜,甜咸,酸辣",微辣,"有停车场,有WIFI,商场公共卫生间","扫码点餐,纸巾提供","复古风,热闹",,,,,
6,阿甘锅盔,83845,阿甘锅盔,郑州正弘城B1,10:00-22:00,18825735726,," 一口酥脆，香到停不下来😋阿甘锅盔，我心中的美食宝藏！

🌮他家的锅盔种类超丰富，梅干菜、鲜肉、牛肉……每一种都香得让人疯狂！刚出锅的锅盔，外皮金黄酥脆，咬一口“嘎吱”作响，内里馅料满满，香气瞬间在嘴里爆开。

🏠店铺装修简洁明亮，开放式的制作空间，能清楚看到师傅们熟练地擀面皮、包馅料、烘烤，整个过程干净又卫生。

无论是上班途中来一个当早餐，还是逛街时买一个解馋，阿甘锅盔都超合适！宝子们一定要来尝尝，保证你吃一次就爱上💕

 美食探店 阿甘锅盔 锅盔美食 ",收录6年,4.1,¥10/人,1-2人,"情侣,朋友,一个人",餐饮美食,小吃快餐,小吃快餐 兰州拉面,"辣,咸鲜",微辣,"有停车场,有WIFI,商场公共卫生间",纸巾提供,"现代简约,有卡座,热闹",,,,,
7,霸王茶姬,83847,霸王茶姬,郑州正弘城L8,10:00-22:00,15729382905,,"😍宝子们，一定要来试试霸王茶姬呀！

🎀它家店铺风格超有韵味，新中式装修超吸睛。

🥤主打茶饮超绝！像伯牙绝弦，茶底清香，奶油顶细腻香甜；声声乌龙，茶香与奶香完美融合，口感层次丰富。

💃人气超高，不管是逛街累了想找个地方歇歇脚，还是和闺蜜约会，来这买杯茶饮都超合适。

🤗真的会被它家独特的茶香和用心的制作所折服，喝过一次就爱上，完全是茶饮界的宝藏店铺，适合所有爱喝茶饮的宝子们！ ",郑州茶饮果汁打卡人气榜·第3名,4.6,¥18/人,1-2人,"情侣,朋友,孩子",餐饮美食,"奶茶,咖啡","甜品饮品 奶茶,茶饮空间,下午茶","甜,酸甜",不辣,"有停车场,有WIFI,商场公共卫生间","纸巾提供,可带宠物","现代简约,有卡座,明亮",,,,,
8,栗子来了,83851,栗子来了,郑州正弘城B1,10:00-22:00,18538166169（叶棵方）,," 🍰栗子来了 | 甜品控的宝藏小店
宝子们，一定要来这家“栗子来了”！

店里装修超温馨，满满的ins风，一进去就感觉心情超好。

他们家主打栗子系列甜品，像栗子千层，每一口都能吃到绵密栗子泥，搭配轻盈奶油，绝绝子！还有栗子蒙布朗，造型可爱，味道更是惊艳。

人气超高的单品还有栗子巴斯克，浓郁的芝士味混合着栗子香，吃一次就忘不了。

不管是下午茶想小酌，还是和姐妹聚会，这里都超合适。甜品脑袋们快来冲，保证让你满意而归！ ",收录6年,4,¥23/人,1-2人,"情侣,朋友,孩子",餐饮美食,其他美食,茶点铺,"咸鲜,甜咸",不辣,"有停车场,有WIFI,商场公共卫生间","纸巾提供,可带宠物","中式典雅,靠窗,亲子友好",,,,,
9,极拉图,83855,极拉图·现制冰淇凌,郑州正弘城B1,10:00-22:00,15136725672,," 🍦极拉图 | 冰淇淋脑袋的天堂！
宝子们，发现一家超绝的冰淇淋店——极拉图！
他家装修超有特色，满满的ins风，随手一拍都很出片📸 一进店，各种高颜值的冰淇淋就像艺术品一样摆在面前，让人挑花眼😍
主打产品是意式手工冰淇淋，口味超丰富！人气单品“多肉葡萄雪泥”，葡萄味超浓郁，还能吃到真实果肉，一口下去超满足🤩
不管是小朋友还是大朋友，只要是喜欢吃冰淇淋的，来这准没错！宝子们一定要来尝尝，保证你吃一次就爱上💖",郑州冰淇凌好评榜·第1名,4.4,¥14/人,1-2人,"情侣,家人,朋友",餐饮美食,奶茶,"冰淇淋,冰粉","甜,酸甜",不辣,"有停车场,有WIFI,商场公共卫生间","扫码点餐,纸巾提供,可带宠物","现代简约,安静,明亮",,,,,
10,一起凉皮吧,83858,一起凉皮吧,郑州正弘城B1,10:00-22:00,18638798472（陈婷）,,"宝子们，今天必须给你们安利一家超绝的凉皮店——一起凉皮吧！

他家装修超有特色，简洁明亮又带着浓浓的市井气息。

主打各种口味的凉皮，每一款都堪称经典！凉皮筋道爽滑，配菜丰富爽口，酱汁浓郁超入味。人气单品麻酱凉皮，麻酱香气十足，和凉皮搭配简直绝了！不管是忙碌的上班族，还是追求美味的学生党，都超适合来这儿。吃一口他家凉皮，瞬间开启舌尖上的清爽之旅，保证让你一口接一口，根本停不下来！赶紧冲呀！ ",正弘中心小吃快餐打卡人气榜·第4名,4.3,¥14/人,1-2人,"家人,朋友,同事",餐饮美食,小吃快餐,西北菜,"咸鲜,酸辣",微辣,"有停车场,有WIFI,商场公共卫生间","纸巾提供,可带宠物","中式典雅,热闹,明亮",,,,,
11,奇檬子,83989,奇檬子,郑州正弘城L3,10:00-22:00,17329289378,,"✨宝子们，今天必须给你们种草一家超有特色的店——奇檬子！

这家店的风格超独特，装修充满创意，一进去就感觉像走进了一个奇妙的小世界🎈。

它的主打产品超赞，各种奇奇怪怪又可可爱爱的小物件让人挪不动脚。人气单品更是多到挑花眼，比如那些造型独特的手工饰品，戴上瞬间提升时尚感。还有各种创意家居摆件，能给生活增添不少趣味。

不管你是追求个性的潮人，还是喜欢搜罗独特好物的小可爱，奇檬子都超适合你！快来这里，把那些独一无二的宝贝带回家吧🛍️！ ",收录6年,4,¥22/人,1-2人,"情侣,家人,朋友",餐饮美食,奶茶,"甜品饮品 奶茶,茶饮空间,下午茶","甜,酸甜",不辣,"有停车场,有WIFI,商场公共卫生间","纸巾提供,节日套餐","现代简约,安静,明亮",,,,,
12,豆捞坊,84150,豆捞坊·鲜牛肉火锅,郑州正弘城L7,10:00-22:00,15703977900,,宝子们，今天必须给你们种草豆捞坊🎉！这店主打特色豆捞，锅底超鲜美，食材超新鲜。店铺风格时尚又温馨，装修精致有格调。人气单品虾滑，Q弹爽滑，虾肉满满🦐；手工鱼丸，口感超棒，鲜味十足。这里适合家庭聚餐、朋友小聚~服务员态度超热情，会贴心帮忙涮煮。每次来吃都超满足，能感受到满满的诚意。食材品质高，味道超赞，性价比也不错👍。真心推荐给爱吃火锅的友友们，快来豆捞坊享受美味吧！ ,郑州潮汕牛肉火锅打卡人气榜·第7名,4.7,¥101/人,"3-4人,4-6人,6-10人","情侣,家人,朋友",餐饮美食,火锅,"潮汕菜,广东火锅,牛杂火锅","辣,酸辣",中辣,"有停车场,有包厢,有WIFI,有大桌","扫码点餐,纸巾提供,节日套餐","复古风,网红打卡风,有卡座",,,,,
13,山云树,84156,山云树鲜榨果汁,郑州正弘城L7,10:00-22:00,17763542544,,"🌳宝子们，发现一家超有氛围感的店👉山云树！

✨店铺风格独特，充满自然气息，仿佛置身山林间。装修特色超吸睛，木质元素与绿植巧妙搭配，让人倍感清新舒适。

🥰他家主打产品超赞，有各种精致的手工艺品，每一件都独具匠心。人气单品更是让人爱不释手，比如那个手工编织的小篮子，颜值超高又实用。

🎈适合喜欢自然风、追求独特的宝子们。在这里，能感受到别样的宁静与美好，分分钟出片📷，赶紧冲呀！ ",金水区茶饮果汁口味榜·第1名,4.7,¥17/人,1-2人,"情侣,家人,朋友",餐饮美食,奶茶,"甜品饮品 奶茶,茶饮空间,下午茶","甜,酸甜",不辣,"有停车场,有WIFI,商场公共卫生间","纸巾提供,节日套餐","现代简约,安静,明亮",,,,,
14,炉小哥,84162,炉小哥烤肉,郑州正弘城L8,10:00-22:00,15939210372,," 🍲炉小哥，烤肉界的宝藏店铺

宝子们，一定要来试试炉小哥！他家装修超有特色，工业风满满，各种金属元素超酷😎。主打烤肉，菜品新鲜得没话说。人气单品雪花牛肉，纹理超美，烤起来滋滋冒油，入口即化🥩。秘制酱料更是一绝，不管蘸啥都香迷糊了。店员服务也超热情，会贴心帮忙烤肉。不管是家庭聚餐还是朋友小聚，来这都倍儿合适。在这能享受超棒的烤肉体验，性价比超高，吃完直接被种草，必须N刷！ ",金水区融合烤肉热门榜·第6名,4.6,¥90/人,"1-2人,3-4人,4-6人","情侣,家人,朋友",餐饮美食,烧烤烤肉,"中式烧烤,烤肉定食","甜,咸,辣,咸鲜",微辣,"有停车场,有WIFI,商场公共卫生间","扫码点餐,纸巾提供,宝宝椅,可带宠物","复古风,热闹,放松随意",,,,,
15,玩米匠,84170,玩米匠,郑州正弘城B1,10:00-22:00,18703875934,," 🔥被问爆的宝藏店铺👉玩米匠
宝子们，今天必须给你们种草玩米匠！

这家店风格超独特，一进去就被吸引。装修很有个性，细节满满。

他家主打产品超赞，像[具体人气单品1]，味道绝绝子，口感超棒。还有[具体人气单品2]，也超受欢迎。

适合人群超广，不管是年轻人聚会，还是想找个特别的地方放松，来这都没错。好多人来这打卡拍照，氛围超嗨。真实用户都说体验感超棒，我去了一次就爱上啦，宝子们赶紧冲！ ",收录5年 ,4,¥33/人,"1-2人,3-4人","情侣,家人,朋友",餐饮美食,小吃快餐,日韩料理 寿司,"咸鲜,甜咸",不辣,"有停车场,有WIFI,商场公共卫生间",纸巾提供,"复古风,有卡座,明亮",,,,,
16,胖哥俩,84179,胖哥俩肉蟹煲,郑州正弘城L8,10:00-22:00,15736707152,," 被这家肉蟹煲香迷糊啦😍

宝子们，一定要来尝尝胖哥俩！

一进店，浓郁香味扑鼻。装修简约又温馨，超有氛围。

他们家主打肉蟹煲，螃蟹、鸡爪等食材超丰富。招牌肉蟹煲里的螃蟹肥硕饱满，鸡爪一抿就脱骨，配菜吸满了汤汁，绝绝子👍

人气单品年糕，糯叽叽的超好吃。

不管是家庭聚餐还是朋友小聚，这里都超合适。店员服务也热情周到。每次吃完都念念不忘，真心推荐给爱吃煲的宝子们，快来胖哥俩大快朵颐吧！ ",郑州肉蟹煲好评榜·第1名,4.4,¥80/人,"1-2人,3-4人,4-6人","情侣,家人,朋友",餐饮美食,鱼鲜海鲜,江浙菜,"咸鲜,甜咸",不辣,"有停车场,有WIFI,商场公共卫生间,纸巾湿巾","自助结账,纸巾提供,宝宝椅","复古风,有卡座,明亮",,,,,
17,米村拌饭,84180,米村拌饭,郑州正弘城L8,10:00-22:00,15754538419,,"宝子们，今天必须给你们种草米村拌饭！🌾

他家的装修风格简约又温馨，一进去就超有食欲~🥢

主打石锅拌饭、安格斯肥牛等特色美食，味道绝绝子！石锅拌饭的配菜丰富，米饭粒粒分明，酱料一拌，香迷糊啦！安格斯肥牛鲜嫩多汁，入口即化。

适合打工人快速干饭，也适合家庭聚餐。服务员态度超热情，出餐速度还快。每次去都人超多，人气爆棚！真心推荐大家去尝尝，保证你吃一次就爱上！💕 ",郑州拌饭菜品榜第1名,4.2,¥32/人,"1-2人,3-4人","情侣,朋友,同事",餐饮美食,小吃快餐,"石锅拌饭,朝鲜特色","咸鲜,甜咸",不辣,"有停车场,有WIFI,商场公共卫生间","扫码点餐,纸巾提供,宝宝椅","花园风,有卡座,安静",,,,,
18,虎丫炒鸡,84183,虎丫炒鸡,郑州正弘城L8,10:00-22:00,13213140221,,"😍宝子们，今天必须给你们种草虎丫炒鸡！

他家的炒鸡堪称一绝👍，鸡肉鲜嫩入味，配菜丰富爽口，每一口都超满足。店内装修很有特色，浓浓的国潮风，让人仿佛穿越到古代😎。

服务员热情周到，点菜时会细心推荐招牌菜和特色口味。人气超高的招牌炒鸡，一端上桌香气扑鼻，瞬间勾起食欲😋。无论是家庭聚餐还是朋友小聚，来这都超合适。爱吃炒鸡的宝子一定不要错过，保证吃一次就爱上💖！ ",正弘中心美食口味榜·第4名 ,4.8,¥55/人,"3-4人,4-6人","情侣,家人,朋友",餐饮美食,其他地方菜,家常私厨,"辣,咸鲜",中辣,"有停车场,有WIFI,商场公共卫生间","扫码点餐,纸巾提供,宝宝椅,可带宠物","花园风,有卡座,安静",,,,,
19,阿三生煎,84185,阿三生煎,郑州正弘城L8,10:00-22:00,15993687520,,"🥟宝子们，一定要来试试阿三生煎呀！

他家的生煎包超绝！底脆馅香，咬一口汤汁四溢，肉馅鲜嫩多汁，一口一个根本停不下来😍。店铺装修简洁明亮，风格很有烟火气。

这里人气超高，不管是上班族快速解决午餐，还是学生党解馋，都超合适。除了生煎，其他小吃和饮品也都很不错。我超爱他们家的酸辣汤，酸酸辣辣特别开胃。每次来阿三生煎，都能吃得超满足，真心种草给大家，快来尝尝吧！ ",收录5年,4.1,¥21/人,1-2人,"情侣,朋友,一个人",餐饮美食,其他美食,生煎包,"辣,咸鲜",微微辣,"有停车场,有WIFI,纸巾湿巾","纸巾提供,宝宝椅,可带宠物","现代简约,有卡座,景观位",,,,,
20,太子浓心,84189,太子浓心招牌炸酱小锅米线,郑州正弘城L8,10:00-22:00,15517565653,," 🍜太子浓心 | 一口惊艳的港式炸酱小锅米线

宝子们，发现一家超好吃的港式米线店——太子浓心！

一进店，浓郁的港风扑面而来，霓虹灯牌、复古海报，仿佛穿越到了香港街头。

他家主打炸酱小锅米线，米线Q弹爽滑，炸酱香气四溢，再配上灵魂炸蛋，一口下去超满足！还有各种特色小食，咖喱鱼蛋、招牌炸猪排，都好吃到停不下来。

无论是一人食还是和朋友聚餐，这里都超合适。快来太子浓心，开启一场舌尖上的港式之旅吧😋！ ",正弘中心小吃快餐好评榜·第1名,4.6,¥27/人,1-2人,"情侣,家人,朋友",餐饮美食,小吃快餐,米线,"酸,辣,咸鲜",微辣,"有停车场,有WIFI","纸巾提供,可带宠物","工业风,有卡座,明亮",,,,,
22,上井,84233,上井·精致料理,郑州正弘城L7,10:00-22:00,15637443001,,"宝子们，今天必须给你们种草上井！这是一家超棒的店👏。店里主打精致日料，风格超有氛围感，装修特色满满，仿佛一秒穿越到日本。

他家人气单品超多，像刺身拼盘，新鲜得没话说，各种刺身肉质鲜嫩，入口即化😋。还有烤鳗鱼，甜咸交织的味道绝了。寿喜锅也超赞，汤底浓郁，涮啥都好吃。适合爱日料的宝子们，不管是约会还是聚餐，来这都超合适，能让你尽情享受美味的日式料理盛宴，赶紧冲呀！ ",收录6年,4.1,¥293/人,"3-4人,4-6人,6-10人","情侣,家人,朋友",餐饮美食,鱼鲜海鲜,"海鲜自助,日韩料理 寿司","咸鲜,甜咸,酸甜",不辣,"有停车场,有包厢,有WIFI","自助结账,纸巾提供","网红打卡风,有卡座,包厢",,,,,
23,曼玉,84237,曼玉餐厅,郑州正弘城L8,10:00-22:00,17744629117,,宝子们，一定要来曼玉呀！他家装修超有特色，时尚又精致，随手一拍都很出片📸。主打融合菜，味道超赞！像汴京烤鸭，皮脆肉嫩，香得嘞😋。还有招牌芝士焗红薯，甜糯拉丝，一口爱上。人气单品超多，每一道都能戳中味蕾。适合朋友聚餐、情侣约会~服务员态度也超热情，让人用餐超舒服。每次来曼玉都有新惊喜，菜品不断创新，环境也始终保持高水准。真心推荐给各位美食爱好者，快来尝尝吧😍！ ,金水区特色菜好评榜·第3名,4.6,¥75/人,"3-4人,4-6人,6-10人","情侣,家人,客户",餐饮美食,特色私房菜,"川菜,客家菜,东北菜","咸鲜,酸辣,酸甜",微辣,"有停车场,有空调,有大桌","纸巾提供,无障碍洗手间,宝宝椅","复古风,有卡座,包厢",,,,,
24,巴奴,84239,巴奴毛肚火锅概念餐厅,郑州正弘城L8,10:00-22:00,15225181079,,宝子们，今天必须给你们种草巴奴！他家的毛肚那叫一个绝，脆嫩脆嫩的，在锅里七上八下后，裹上蘸料，一口下去超满足😍。店铺风格简约大气，装修很有特色。人气超旺，每次去都要排队。除了毛肚，菌汤也特别鲜美，涮啥都好吃。服务也超贴心，会主动帮忙调火候。不管是和朋友聚餐还是家庭聚会，来巴奴都超合适！他家真的把火锅做出了独特风味，吃过一次就忘不了，赶紧冲呀！ ,正弘中心美食好评榜·第3名,4.7,¥126/人,"3-4人,4-6人,6-10人","情侣,家人,朋友",餐饮美食,火锅,重庆火锅,辣,麻辣,"有停车场,有空调,有大桌","纸巾提供,无障碍洗手间,宝宝椅","复古风,有卡座,包厢",,,,,
25,太二酸菜鱼,84240,太二酸菜鱼,郑州正弘城L8,10:00-22:00,18595748670,,"😍宝子们，一定要来尝尝太二酸菜鱼！

🌿他家装修超有特色，国潮风满满，各种有趣的标语和漫画，拍照超好看📸。
主打酸菜鱼，鱼肉鲜嫩爽滑，酸菜更是灵魂，酸辣开胃，一口就爱上！
🥢还有很多人气单品，像老坛子酸菜鱼、二哥爱鸡翅，味道绝绝子👍。
这里适合爱吃鱼、爱尝鲜的宝子们，不管是聚餐还是一人食，都超合适。服务员也超有意思，“酸菜比鱼好吃”可不是说说而已哦，来了就知道有多妙啦，赶紧冲！ ",金水区川菜好评榜·第7名,4.7,¥69/人,"3-4人,4-6人","情侣,家人,朋友",餐饮美食,鱼鲜海鲜,川菜,"辣,酸辣",麻辣,"有停车场,有WIFI,自助结账","无障碍洗手间,宝宝椅,可带宠物","复古风,有卡座,安静",,,,,
26,鲜芋仙,84241,鲜芋仙,郑州正弘城L8,10:00-22:00,18736006488,,宝子们，一定要去鲜芋仙呀！他家店铺风格超清新，装修也很有特色，让人一进去就感觉心情超好😃。主打各种美味的芋圆甜品，芋圆Q弹软糯，搭配上香甜的芋头、仙草等食材，口感层次超丰富😍。人气单品有招牌芋圆4号，满满的都是料。还有芋泥牛奶冰，细腻的芋泥和冰沙融合得恰到好处，奶香十足。无论是喜欢吃甜的小仙女🧚‍♀️，还是甜品控的宝子们，都能在这里找到满足味蕾的美味，真的太赞啦，赶紧冲！ ,收录6年,4.3,¥26/人,"1-2人,3-4人","情侣,朋友,一个人",餐饮美食,面包甜点,甜品饮品 奶茶,甜,不辣,"有停车场,有WIFI,商场公共卫生间",可带宠物,"现代简约,安静,明亮",,,,,
27,喜乐,84261,喜乐冰糖葫芦,郑州正弘城B1,10:00-22:00,15524901200,," 宝藏店铺喜乐🎀，逛一次就爱上！
✨店里风格超独特，装修精致又温馨，一进去就感觉超治愈。

🎈他们家主打产品超有特色，好多都是别处找不到的小众好物。人气单品更是绝绝子，像那个手工编织的小挎包，质感超棒，背上它瞬间提升气质。还有手绘的陶瓷杯，每一个图案都超精美，喝水都变得更有仪式感啦。

💖不管是追求个性的时尚达人，还是喜欢挖掘小众宝贝的小可爱，都能在喜乐找到心头好。宝子们，快去喜乐逛逛，把心仪的好物带回家吧！ ",,4,¥20/人,1-2人,"情侣,孩子",餐饮美食,小吃快餐,甜品饮品 奶茶,甜,不辣,"有停车场,有WIFI,商场公共卫生间",可带宠物,"现代简约,安静,明亮",,,,,
28,麦陌,84612,麦陌,郑州正弘城B1,10:00-22:00,18476395544,," 🍰麦陌 | 甜品脑袋的宝藏店铺

宝子们，发现一家超好吃的甜品店——麦陌🎉！他家装修简约又温馨，满满的ins风，拍照超好看📷。

人气单品可太多啦！他家的蛋糕胚松软绵密，奶油轻盈不腻。像[具体人气单品名称]，一口下去，幸福感爆棚😋！还有各种小甜点，造型精致，味道超赞👍。

麦陌很适合喜欢吃甜品的宝子们，不管是下午茶时光，还是和朋友小聚，来这儿都超合适🥰。每次去都要排队，可见有多受欢迎啦！快拉上小姐妹冲呀💃！ ",正弘中心面包蛋糕甜品热门榜·第2名,4.4,¥42/人,1-2人,"情侣,朋友,孩子",餐饮美食,面包甜点,甜品饮品 奶茶,甜,不辣,"有停车场,有WIFI,商场公共卫生间",可带宠物,"现代简约,中式典雅,安静",,,,,
29,九色云,84633,九色云·野生菌火锅,郑州正弘城L8,10:00-22:00,,,"🔥一口菌汤魂穿云南雨林！九色云野生菌火锅用墨脱石锅熬煮高山野菌+180天跑山鸡汤底，琥珀色原汤鲜到舌尖发颤🌿 菌子拼盘空运48小时直达餐桌，牛肝菌绵密吸汤，见手青脆嫩带毒（别慌！服务员像保镖盯15分钟沙漏⏳煮透防幻视）；宣威火腿焖饭刮锅底是灵魂，最后塞一口玉米粑粑冰淇淋，都市雨林穿越之旅圆满收尾！
📍隐藏暴击点：
✔️ 菌汤免费续，打包回家煮面香到邻居敲门！
✔️ 长沙店有「菌子博物馆」，等位变科普课～
#山野限定 #云南味觉朝圣 #美食硬核玩家
（📸朋友圈C位公式：蒸汽缭绕的墨脱锅+彩虹菌盘+沙漏特写=99+赞）",,,,"1-2人,3-4人","家人,朋友",餐饮美食,"火锅,食品滋补",菌汤火锅,"辣,酸辣",中辣,"有停车场,有WIFI,商场公共卫生间","扫码点餐,纸巾提供,可带宠物","复古风,有卡座,等位区,安静",,,,,
30,老盐季,84635,老盐季,郑州正弘城B1,10:00-22:00,,," 一口老盐，解锁海岛风情🌴
宝子们，发现一家超有特色的店——老盐季！

他家主打各种老盐系列饮品，老盐柠檬、老盐芭乐等，独特风味超上头。店铺风格充满海岛度假感，装修像是把热带风情搬了进来，让人一秒穿越。

老盐柠檬是人气王，清爽酸甜，老盐味超独特。适合爱尝鲜、追求特别口感的宝子。逛累了来一杯，瞬间活力满满。不管是和朋友小聚还是自己享受，老盐季都超合适，快来感受这独特的海岛风味吧！ ",,,,1-2人,"情侣,朋友,孩子",餐饮美食,"奶茶,茶饮果汁","甜品饮品 奶茶,茶饮空间,下午茶",甜,不辣,"有停车场,有WIFI,商场公共卫生间","扫码点餐,可带宠物","现代简约,中式典雅,安静",,,,,
31,柠季,84637,柠季·手打柠檬茶,郑州正弘城L7,10:00-22:00,,,"🥤柠季来啦！超适合夏天的宝藏饮品店！

他家主打清爽的柠檬茶系列🍋，茶底清香，柠檬香气浓郁，一口下去超解腻！店铺风格简约又清新，装修很有特色，到处都是活力满满的柠檬元素。

人气单品鸭屎香柠檬茶，茶香和柠檬的清爽完美融合，喝一次就爱上！还有玫瑰柠檬茶，独特的玫瑰香气给饮品增添了别样风味。不管是逛街累了，还是上班困了，来柠季买上一杯，瞬间元气满满！超适合爱喝清爽饮品的宝子们，快冲！ ",,4.1,¥17/人,1-2人,"情侣,朋友,孩子",餐饮美食,"奶茶,茶饮果汁","甜品饮品 奶茶,茶饮空间,下午茶",甜,不辣,"有停车场,有WIFI,商场公共卫生间","扫码点餐,可带宠物","现代简约,中式典雅,安静",,,,,
32,兰熊鲜奶,84641,兰熊鲜奶,郑州正弘城B1,10:00-22:00,,,"🥛兰熊鲜奶来啦！

他家装修超可爱，满满ins风，拍照超好看📸。主打各种鲜奶饮品，原料超新鲜。人气单品雪顶幽兰，鲜奶搭配清爽茶底，再加上绵密雪顶，一口下去超满足😍。还有草莓牛乳炸弹，草莓果肉和鲜奶完美融合，甜而不腻。不管是学生党还是上班族，逛街累了来一杯，瞬间活力满满。约会的时候来上一杯，氛围感直接拉满💕。真的太爱兰熊鲜奶啦，宝子们一定要试试！ ",郑州美食打卡人去榜·第1名,4.1,¥17/人,1-2人,"情侣,朋友,一个人",餐饮美食,"奶茶,茶饮果汁","甜品饮品 奶茶,茶饮空间,下午茶",甜,不辣,"有停车场,有空调,有WIFI","扫码点餐,纸巾提供,可带宠物","现代简约,靠窗,安静",,,,,
33,米缇尼,84646,MITINIS,郑州正弘城L8,10:00-22:00,13633822477,,"✨MITININIS｜一口跌进巧克力童话！郑州首家红宝石粉巧实验室，少女心原地核爆🍫
推开正弘城店门就被彩虹巧克力瀑布墙美疯！天然红宝石可可豆磨出樱花粉巧🌸，无色素添加却自带腮红滤镜，咬开脆壳是树莓流心爆浆～
🔥 必抢隐藏款：
✔️ 蒙特祖马黑巧：丹麦芝士+75%黑巧，咸苦碰撞像吃液体歌剧🎭
✔️ 土耳其榛仁球：榛子碎多到硌牙，丝滑感堪比德芙平替！
✔️ 春日樱花礼盒：粉巧雕成樱花形状，送闺蜜被夸“比潘多拉懂女人”💝
💸 薅秃攻略：
▫️ 4月店庆满108送限定礼盒（隔壁小姐姐换到腮红高光盘💄）
▫️ 下午2点前第二盒半价，打工人摸鱼也要冲！
📸 出片神位：
▪️ 举着粉巧对镜拍＝ins博主附体
▪️ 红宝石原料墙当背景＋开盒抓拍＝赞爆朋友圈",连锁店,4.1,¥50/人,1-2人,"情侣,家人,朋友",餐饮美食,面包甜点,"甜品饮品 奶茶,糕点",甜,不辣,"有停车场,有空调,有WIFI","扫码点餐,纸巾提供,可带宠物","现代简约,靠窗,安静",,,,,
34,湊湊,84649,湊湊火锅,郑州正弘城L8,10:00-22:00,15638279139,,宝子们，今天必须给你们种草湊湊！他家店风格超有特色，装修精致又温馨。主打台式火锅，锅底超赞，像招牌花胶鸡锅底，浓郁鲜香，满满胶原蛋白。人气单品有企鹅丸，Q 弹可爱，下锅煮后口感超棒。还有大红袍珍珠奶茶，茶香与奶香交融，珍珠软糯。适合爱尝鲜、追求独特用餐体验的宝子们。不管是朋友聚会还是家庭聚餐，来这都超合适！在湊湊，能享受一场美味又惬意的火锅盛宴，赶紧冲！ ,收录6年,4.7,¥102/人,"3-4人,4-6人,6-10人","情侣,家人,朋友",餐饮美食,火锅,"重庆火锅,海鲜火锅,鸳鸯锅","辣,咸鲜,酸辣",重辣,"有停车场,有包厢,有空调","扫码点餐,宝宝椅,儿童餐具,可带宠物","复古风,花园风,有卡座,景观位,包厢,商场餐厅",,,,,
35,DQ,84657,DQ,郑州正弘城L6,10:00-22:00,67127570,,"🍦DQ真的太绝啦！

他家的冰淇淋堪称一绝😍，暴风雪系列超受欢迎，各种口味的酱料和丰富配料，与浓郁醇厚的冰淇淋完美融合，口感层次超丰富。店铺装修简约时尚，蓝色调为主，很有夏日清凉感🧊。无论是小朋友还是大朋友，都对DQ毫无抵抗力🤩。逛街累了来上一杯，瞬间活力满满；约会的时候来一份，甜蜜值拉满💕。而且出餐速度快，服务也热情周到。总之，DQ就是那种能给人带来快乐和满足的宝藏甜品店，宝子们一定要去尝尝！ ",收录6年,4.3,¥22/人,1-2人,"情侣,家人,朋友",餐饮美食,"奶茶,面包甜点,茶饮果汁","冰淇淋,布丁,珍珠奶茶,双皮奶","甜,甜咸",不辣,"有停车场,有空调,有WIFI,商场公共卫生间","扫码点餐,纸巾提供,可带宠物","现代简约,安静,商场餐厅",,,,,
36,瑞幸咖啡,84658,瑞幸咖啡,郑州正弘城L8,10:00-22:00,15003868593,,"☕瑞幸咖啡真的太懂打工人的心啦！

一进店，简约时尚的装修风格超吸睛✨ 开放式的空间，让人感觉格外舒适自在。

他们家的人气单品可太多啦！生椰拿铁🥥 椰香与咖啡香完美融合，每一口都超惊艳。还有厚乳拿铁，醇厚的口感让人欲罢不能。

不管是忙碌的早晨来一杯提神醒脑，还是午后想找个地方放松一下，瑞幸咖啡都超合适👍 价格亲民，品质在线，简直是上班族和咖啡爱好者的福音！宝子们，快去试试吧！ ",金冠好店,4.1,¥11/人,1-2人,"情侣,家人,朋友",餐饮美食,"奶茶,咖啡,茶饮果汁","布丁,咖啡茶馆 精品咖啡,手冲咖啡","甜,甜咸",不辣,"有停车场,有空调,有WIFI,商场公共卫生间","扫码点餐,纸巾提供,可带宠物","现代简约,安静,商场餐厅",,,,,
37,兰湘子,84662,兰湘子·湘菜小炒,郑州正弘城L8,10:00-22:00,13523093708,,"😍宝子们，今天必须给你们种草兰湘子！

这是一家超有特色的湘菜馆🥢。店里装修很有韵味，满满的湘风元素，让人一进去就感觉特别亲切。

他们家主打湘菜，味道那叫一个绝👍！招牌辣椒炒肉，肉香四溢，辣椒超级下饭。还有剁椒鱼头，鱼肉鲜嫩，剁椒超入味。

适合喜欢吃辣的宝子们聚会聚餐🎉。服务员态度也超热情，点菜会给合理建议。每次去都人超多，人气爆棚🔥。真心推荐给各位湘菜爱好者，保证吃一次就爱上！ ",金水区湘菜口味榜·第4名,4.8,¥49/人,"1-2人,3-4人,4-6人","情侣,家人,朋友",餐饮美食,湘菜,"湘菜,家常私厨","咸鲜,甜咸,酸辣",微辣,"有停车场,有空调,有WIFI,商场公共卫生间","扫码点餐,无障碍洗手间,宝宝椅","现代简约,等位区,商场餐厅",,,,,
38,胡子大厨,84664,胡子大厨·湖南小炒,郑州正弘城L8,10:00-22:00,无电话,," 🍱打工人干饭新宠 | 胡子大厨

最近发现一家超棒的工作餐小店👉胡子大厨！

他家是明厨亮灶，能看到后厨师傅现炒，超安心！

主打现炒快餐，像辣椒炒肉盖饭，辣椒香肉嫩，米饭粒粒分明，超好吃😋 还有梅干菜烧肉饭也绝绝子，梅干菜吸饱了肉香，一口下去超满足！

店铺装修简约明亮✨ 很适合上班族来解决工作餐。出餐速度超快，再也不用纠结吃啥啦！无论是忙碌的工作日午餐，还是加班后的晚餐，胡子大厨都能完美满足，宝子们快去试试！ ",金水区湘菜热门榜·第5名,4.4,¥52/人,"1-2人,3-4人,4-6人","情侣,家人,朋友",餐饮美食,湘菜,"湘菜,家常私厨","咸鲜,甜咸,酸辣",微辣,"有停车场,有空调,有WIFI,商场公共卫生间","纸巾提供,无障碍洗手间,宝宝椅","有卡座,安静,商场餐厅",,,,,
39,uniboba,84666,优尼波巴,郑州正弘城B1,10:00-22:00,15093123650,,"优尼波巴｜茉酸奶亲儿子搞“牛乳黑魔法”！XXL珍珠吸溜到地铁站口都能听见👂💥
推开正弘城店门直接惊呆——巨型黑糖珍珠像“波霸陨石”咣当砸进杯！娟姗牛乳打底香到舔盖，水牛乳版浓如融化冰淇淋🍨，吸管戳下去糯叽叽能拉丝半米！
✨ 暗号点单攻略：
✔️ 黑糖火山牛乳：仙草珍珠塞满半杯，黑糖挂壁像琥珀纹身🌋
✔️ 咸法酪隐藏款：撒海苔粉的抹茶咸酪，海盐激出回甘鲜甜💥
✔️ 自带杯减2元：环保还能白嫖杯套（手账er狂喜📒）
📍 郑州暴风吸入点：正弘城B1｜10:00打烊
⏰ 薅秃时刻：下午2点前第二杯半价，打工人摸鱼暗号！",金水区茶饮果汁好评榜·第2名,4.3,¥17/人,1-2人,"情侣,家人,朋友",餐饮美食,"奶茶,茶饮果汁","甜品饮品 奶茶,冰淇淋,布丁","甜,甜咸,酸甜",不辣,"有停车场,有空调,有WIFI,商场公共卫生间","扫码点餐,导盲犬友好,可带宠物","复古风,花园风,浪漫,亲子友好,商场餐厅",,,,,
40,一绪寿喜烧,84667,一绪仁和牛寿喜烧,郑州正弘城L7,10:00-22:00,13598032554,,"宝子们，今天必须给你们种草一绪寿喜烧🎉！

店里装修超有氛围感，暖黄色灯光，木质桌椅，让人感觉温馨又舒适😌。

它家主打寿喜烧，各种新鲜食材在锅里一涮，裹上蛋液，那口感绝了😍！人气单品毛肚脆嫩，牛肉纹理清晰，品质超棒👍。

不管是情侣约会、朋友聚餐还是家庭聚会，来这都超合适🥳。服务员态度也超好，全程贴心服务。在这能尽情享受美食带来的快乐，性价比超高，宝子们赶紧冲呀🐛！ ",金水区自助餐热门榜,4.1,¥158/人,"3-4人,4-6人,6-10人","情侣,家人,朋友",餐饮美食,"火锅,烧烤烤肉,自助餐","自助烧烤,烧烤自助","咸鲜,酸辣",中辣,"有停车场,有包厢,有空调,有WIFI,有大桌","宝宝椅,可在线预定","等位区,包厢,放松随意,商场餐厅",,,,,
41,连杏,84668,连杏双皮奶,郑州正弘城B1,10:00-22:00,无电话,,"郑州正弘城惊现双皮奶刺客！连杏用顺德古法娟姗牛乳暴击味蕾💥
推开B1层门店就被奶香勾魂！金榜双皮奶结出三层绸缎奶皮，勺子一碰Duang到心颤～红豆款蜜豆熬出沙堆成山⛰️，杨枝金捞爆汁芒果金柚撞上西米露💦，鲜芒款果肉多到盖住奶冻！更绝是现烤焦糖黄油蛋挞——128层酥皮簌簌掉渣，内馅冷藏秒变冰淇淋芝士🍦，店员举喷枪炙烤焦糖脆壳的瞬间香晕整条街！
✨隐藏暴击点：
✔️ 娟姗牛乳制作（全国仅0.1%奶源！）
✔️ 下午4点后半价捡漏蛋挞（限量200个⚡️）
✔️ 玻璃罐装双皮奶吃完当收纳瓶♻️",郑州面包蛋糕甜品打卡人气榜·第1名,4.3,¥20/人,"1-2人,3-4人","情侣,朋友,一个人",餐饮美食,"奶茶,茶饮果汁","冰淇淋,布丁,双皮奶",甜,不辣,"有停车场,商场公共卫生间","扫码点餐,纸巾提供","放松随意,高端典雅,商场餐厅",,,,,
42,麦焙乐,84670,麦焙乐,郑州正弘城B1,10:00-22:00,无电话,,🎂麦焙乐真的超赞！一进店，就能感受到温馨的烘焙氛围。店铺装修简约又可爱，到处都是诱人的面包香气🥐。他家主打各类现烤面包，每一款都超有料！人气单品全麦核桃面包，外皮酥脆，内馅扎实，核桃香和麦香完美融合，吃起来超满足😋。还有各种造型可爱的小蛋糕，颜值高又美味。无论是早餐想快速解决，还是下午茶想小资一把，麦焙乐都超合适。上班族、学生党，爱吃面包甜品的宝子们一定不要错过，快来麦焙乐开启美味烘焙之旅吧！ ,,3.9,¥22/人,"1-2人,3-4人","情侣,朋友,一个人",餐饮美食,面包甜点,"布丁,糕点",甜,不辣,"有停车场,有空调,商场公共卫生间","导盲犬友好,可带宠物","现代简约,景观位,商场餐厅",,,,,
43,南京大牌档,84672,南京大牌档,郑州正弘城L8,10:00-22:00,17778041526,," 南京大牌档 | 一秒穿越金陵✨
宝子们，南京大牌档必须冲！一进店，古色古香的装修超有氛围感，木质桌椅、红灯笼🏮 仿佛置身老南京。

他们家主打南京特色美食，美龄粥香甜细腻，江米扣肉肥而不腻。招牌盐水鸭咸香可口，金陵烤鸭皮脆肉嫩。

适合和家人朋友聚餐。服务员都穿着古装，服务超贴心。每次去都要排队，但真的值得！无论是环境还是菜品，都绝绝子，狠狠拿捏住了咱的胃和心，来南京一定要来这儿感受正宗南京味！ ",郑州江浙菜打卡人气榜·第1名,4.6,¥68/人,"3-4人,4-6人,6-10人,10人以上","情侣,家人,朋友,同事,客户",餐饮美食,江浙菜,"江浙菜,南京菜","咸鲜,甜咸,酸辣",不辣,"有停车场,有包厢,有空调,有WIFI,有大桌","自助结账,免费热水,纸巾提供,宝宝椅","包厢,安静,商场餐厅",,,,,
44,益禾堂,84675,益禾堂,郑州正弘城B1,10:00-22:00,15978420710,,"😍宝子们，益禾堂必须安利！

它家门店装修简约清新，超有氛围感✨。主打各类特色茶饮，像招牌烤奶，茶香浓郁，奶味醇厚，一口就爱上。还有薄荷奶绿，清爽解腻，夏天来一杯超爽。

人气单品多多，比如益禾烤奶，珍珠 Q 弹，烤奶香气独特，好多人都爱这一口。

适合学生党、上班族等各种人群，逛街累了、学习工作困了，来一杯瞬间活力满满💪。随时随地享受美味茶饮，真的超赞，赶紧冲呀！ ",收录4年,4.1,¥11/人,"1-2人,3-4人","情侣,朋友,一个人",餐饮美食,"奶茶,茶饮果汁","冰淇淋,布丁,双皮奶",甜,不辣,"有停车场,有空调,有WIFI","扫码点餐,纸巾提供,无障碍通道,可带宠物","明亮,放松随意,高端典雅,商场餐厅",,,,,
45,唐糕祖,84677,唐糕祖,郑州正弘城B1,10:00-22:00,,,"🥰宝子们，一定要来试试唐糕祖！

他家主打传统中式糕点，店铺风格古色古香，装修超有韵味，一进去就感觉穿越到了古代糕点铺🎐。

人气单品超多，像雪花酥，香甜酥脆，一口一个满足；还有蛋黄酥，咸香的蛋黄搭配软糯的外皮，绝绝子😍。

适合喜欢传统糕点的宝子们，无论是当早餐还是下午茶都超合适。每一款糕点都做得超精致，口感更是没得说，吃一次就爱上，每次路过都忍不住买上一些带回家~😋 ",正弘中心面包蛋糕甜品打卡人气榜·第2名,4.3,¥30/人,"1-2人,3-4人","情侣,家人,孩子",餐饮美食,面包甜点,糕点,"甜,咸鲜,酸甜",不辣,"有停车场,有空调,有WIFI","扫码点餐,纸巾提供","中式典雅,有卡座,靠窗",,,,,
46,瑞幸咖啡,84678,瑞幸咖啡 ‌,郑州正弘城B1,10:00-22:00,13683816784,,"☕瑞幸咖啡真的太懂打工人的心啦！

他家门店装修简约又时尚✨，一进去就能感受到超浓郁的咖啡香气。

主打产品超多，生椰拿铁必须拥有姓名🥥！椰香与咖啡完美融合，口感层次丰富，一口就爱上。还有厚乳拿铁，醇厚丝滑，每一口都超满足。

不管是上班族来一杯提神醒脑，还是学生党课间来一杯补充能量，都再合适不过啦。随时随地来瑞幸，享受美味咖啡带来的小确幸~😍 瑞幸咖啡 咖啡种草 ",收录6年,4.4,¥15/人,1-2人,"情侣,家人,朋友",餐饮美食,"奶茶,咖啡,茶饮果汁","布丁,咖啡茶馆 精品咖啡,手冲咖啡","甜,甜咸",不辣,"有停车场,有空调,有WIFI,商场公共卫生间","扫码点餐,纸巾提供,可带宠物","现代简约,安静,商场餐厅",,,,,
47,就是柠,84682,YesLemin,郑州正弘城B1,10:00-22:00,,,"🥤宝子们，一定要来试试“就是柠”！

这店装修超有特色，满满的清新风，让人一进去就心情超好。

他家主打各种鲜柠茶，每一杯都是现点现做。招牌柠茶，柠檬香气浓郁，茶底清爽，喝一口超解腻。

人气单品爆打渣男柠檬茶，名字有趣又好喝。店员超热情，制作过程还能看到新鲜柠檬被“暴打”，超解压。

不管是逛街累了，还是想找个地方坐坐，来这喝杯柠茶都超合适。学生党、上班族都爱，快冲！ ",新店好评,4,¥16/人,1-2人,"情侣,家人,朋友",餐饮美食,茶饮果汁,"甜品饮品 奶茶,糖水","酸,甜,酸甜",不辣,"有停车场,有空调,有WIFI","扫码点餐,纸巾提供","等位区,明亮,商场餐厅",,,,,
48,嘉士利,84683,BUTTER&COOKIE,郑州正弘城B1,10:00-22:00,,," 嘉士利 | 童年零食回忆杀✨
宝子们，嘉士利必须安利！他家是超有年代感的零食店😎。店铺装修走复古风，满满怀旧氛围。主打饼干、糕点等零食，味道超正👍。像他家的果乐果香饼干，果香浓郁，口感酥脆，一口一个停不下来。还有葱香薄饼，咸香酥脆，追剧必备。无论是咱80、90后找童年味道，还是带娃👶🏻来，都超合适。每次去都忍不住囤一堆，真心是零食爱好者的天堂，快来尝尝吧！ ",正弘中心面包蛋糕甜品热门榜·第3名,3.7,¥44/人,"1-2人,3-4人","情侣,家人,孩子",餐饮美食,面包甜点,甜品饮品 奶茶,"甜,咸鲜",不辣,"有停车场,有空调,有WIFI","扫码点餐,纸巾提供",商场餐厅,,,,,
49,泰芮珠打抛饭,84686,泰芮珠打抛饭,郑州正弘城B1,10:00-22:00,,,宝子们，今天必须给你们种草泰芮珠打抛饭！一进店，满满的东南亚风情装修就超吸睛，仿佛一秒穿越。他家主打泰式打抛饭，味道超正宗！鸡肉鲜嫩多汁，搭配独特的打抛酱，米饭粒粒分明，裹满酱汁简直绝了。还有各种泰式小吃也超赞。适合喜欢尝鲜、钟情东南亚风味的宝子们。无论是一人食还是和朋友聚餐，来这吃一顿泰芮珠打抛饭，都能让味蕾享受一场热辣刺激的盛宴，保证你吃了一次就忘不了，赶紧冲！ ,金水区小吃快餐热门榜·第1名,4,¥33/人,"1-2人,3-4人","情侣,家人,朋友,孩子",餐饮美食,小吃快餐,东南亚料理 泰国菜,"咸鲜,酸辣",微微辣,"有停车场,有空调,有WIFI","宝宝椅,儿童餐具","花园风,有卡座,商场餐厅",,,,,
50,满巍明,84687,满巍明生炸鸡架,郑州正弘城B1,10:00-22:00,16668112992,," 🌶️满巍明，一口辣出幸福感🌶️

宝子们，一定要来满巍明尝尝！他家主打各种特色辣卤小吃，店铺风格超有个性，装修得红红火火，特别吸睛。

人气单品麻辣鸭脖，肉质紧实有嚼劲，辣得过瘾又上头；虎皮凤爪一抿脱骨，满满的胶原蛋白。而且食材都超新鲜，卤料味道超赞。不管你是无辣不欢的吃货，还是想找独特风味小吃的宝子，这里都太合适啦！每次路过都忍不住买上一份，边走边吃，简直美滋滋😋。 ",,4.1,¥28/人,"1-2人,3-4人","情侣,家人,朋友",餐饮美食,小吃快餐,"炸串,炸鸡炸串","咸,辣,酸甜",微辣,"有停车场,有空调,有WIFI","纸巾提供,无障碍洗手间","花园风,有卡座,放松随意,商场餐厅",,,,,
51,霸王茶姬,84688,霸王茶姬,郑州正弘城L1,10:00-22:00,15729382905,,宝子们，一定要来试试霸王茶姬呀！他家装修超有特色，新中式风格超吸睛，随手一拍都很出片📷。主打茶饮，茶香与奶味完美融合，口感超赞。像伯牙绝弦，入口清爽，茶味悠长；声声乌龙，香气馥郁，韵味十足。人气超高，每次去都要排队。不管是逛街累了，还是朋友小聚，来一杯都超合适。学生党、上班族都爱这一口，真的太好喝啦，喝过就忘不了，妥妥的奶茶界宝藏店铺，赶紧冲！ ,郑州茶饮 果汁打卡人气榜·第3名,4.6,¥18/人,"1-2人,3-4人","情侣,家人,朋友",餐饮美食,茶饮果汁,"甜品饮品 奶茶,冰淇淋,珍珠奶茶","酸,甜,酸甜",不辣,"有停车场,有空调,有WIFI,商场公共卫生间","纸巾提供,可在线预定","现代简约,有卡座,安静,明亮",,,,,
52,鲍师傅糕点,84819,鲍师傅糕点,郑州正弘城B1,10:00-22:00,17737143606,,"🥰宝子们，一定要去试试鲍师傅糕点呀！

他家的糕点那叫一个绝！小贝系列超人气，松软的蛋糕体裹着香甜的沙拉酱和肉松，一口下去超满足😋。海苔肉松小贝咸香可口，一口咬到肉松和沙拉酱，口感丰富得很。

店铺装修简约明亮✨，让人看着就很舒服。

无论是当早餐还是下午茶点心，鲍师傅糕点都超合适。上班族、学生党，还有爱吃甜食的宝子们，都别错过！每次路过鲍师傅，都忍不住买上几个，真的太好吃啦😍！ ",正弘中心面包蛋糕甜品好评榜·第4名,4.2,¥30/人,1-2人,"情侣,朋友,孩子",餐饮美食,面包甜点,"甜品饮品 奶茶,糕点","酸,甜,酸甜",不辣,"有停车场,有空调,有WIFI,商场公共卫生间","纸巾提供,可带宠物,可在线预定","中式典雅,明亮,浪漫,商场餐厅",,,,,
53,大树餐厅,84823,大树餐厅,郑州正弘城L8,10:00-22:00,17630236621,," 🌳大树餐厅 | 浪漫与美味的邂逅
宝子们，今天必须给你们安利大树餐厅！

店里装修超有特色，灯光暖黄，绿植环绕，仿佛置身于森林童话中🌲 氛围感拉满！

人气超旺🔥 菜品更是一绝！像惠灵顿牛排，酥皮包裹着鲜嫩多汁的牛排，一口下去超满足。啫啫鸡煲香气扑鼻，鸡肉鲜嫩入味。

适合情侣约会💕 闺蜜聚餐👭 家庭聚会🥂 在这里，能享受美食，还能拥有美好的用餐回忆。快带上你的饭搭子冲呀！ ",金水区粤菜热门榜·第4名,4.6,¥100/人,"3-4人,4-6人,6-10人,10人以上","情侣,家人,朋友",餐饮美食,粤菜,粤菜,"咸鲜,酸辣",微辣,"有停车场,有空调,有WIFI,有大桌","扫码点餐,宝宝椅,儿童餐具","花园风,有卡座,等位区,包厢,商场餐厅",,,,,
54,泰香米,84824,泰香米泰国餐厅,郑州正弘城L7,10:00-22:00,19534073367,,"宝子们，今天必须给你们种草泰香米！他家主打正宗泰国风味美食。一进店，浓郁的东南亚风情装修超有特色，仿佛置身泰国街头。

人气单品冬阴功汤，味道浓郁酸辣，香料味超正，每一口都能感受到大海的鲜。还有芒果糯米饭，软糯香甜的糯米搭配香甜多汁的芒果，一口下去超满足。

适合喜欢东南亚美食的宝子们，无论是朋友聚餐还是家庭小聚，来这都超合适。能让你不出国门，就品尝到地道的泰国美味，赶紧冲呀！ ",郑州东南亚环境榜·第4名,4.6,¥115/人,"3-4人,4-6人,6-10人,10人以上","情侣,家人,朋友",餐饮美食,东南亚菜,东南亚料理 泰国菜,"咸鲜,酸辣",微辣,"有停车场,有空调,有WIFI,有大桌","扫码点餐,宝宝椅,儿童餐具","花园风,有卡座,等位区,包厢,商场餐厅",,,,,
55,八寸,84828,8寸意式餐厅,郑州正弘城B1,10:00-22:00,17630030200,," 被这家店狠狠拿捏了💖八寸
这家店真的绝啦！整体风格超有个性，装修独特，一进去就被吸引。他家主打产品超赞，品质超棒。人气单品更是让人疯狂心动，每一款都有独特魅力。不管是时尚达人想找独特穿搭单品，还是日常爱逛爱淘的小伙伴，都能在这里找到心仪之物。而且服务超贴心，店员热情又专业。来八寸，仿佛进入一个时尚宝藏空间，每次逛都有新惊喜，能轻松收获满满时尚感，狠狠种草给大家！ ",银冠好店,4.6,¥37/人,"1-2人,3-4人","情侣,家人,孩子",餐饮美食,西餐,"西餐 意大利餐,披萨","咸鲜,甜咸,酸辣,酸甜",微辣,"有停车场,有空调,有WIFI","宝宝椅,儿童餐具,可在线预定","有卡座,亲子友好,放松随意,商场餐厅",,,,,
56,TIPTOP,84829,TIPTOP冰淇凌,郑州正弘城L8,10:00-22:00,15094750350,," 被同事追着问🔗的宝藏店铺TIPTOP

宝子们，挖到一家超赞的店👉TIPTOP！

他家风格独特，装修超有个性，一进去就被吸引。

主打产品超有特色，每一款都长在我的审美上😍。人气单品更是绝绝子，像[具体人气单品1]，设计新颖，品质超棒；[具体人气单品2]也超火，入手不亏。

适合追求时尚、个性的宝子们。不管是日常出街，还是参加聚会，在这里都能挑到心仪的宝贝，轻松成为焦点✨。快拉上小姐妹一起冲！ ",,3.9,¥27/人,1-2人,"情侣,家人,孩子",餐饮美食,冰淇凌,"冰淇淋,布丁,冰粉","甜,酸甜",不辣,"有停车场,有空调,有WIFI","纸巾提供,可在线预定","现代简约,有卡座,明亮",,,,,
57,姐弟俩土豆粉,84834,姐弟俩土豆粉,郑州正弘城B1,10:00-22:00,19339992854,," 🍜一口爱上姐弟俩土豆粉！
宝子们，一定要来尝尝姐弟俩土豆粉！

🏠店里装修简洁明亮，让人感觉超舒服。

他家主打土豆粉，口味超丰富！经典原味浓郁鲜香，番茄味酸甜开胃，麻辣味更是过瘾到爆🔥 配菜也超足，Q 弹的土豆粉裹满汤汁，一口下去超满足！

不管是上班族中午来一碗快速解决温饱，还是学生党放学后和朋友一起来嗦粉，都超合适！人气超高，每次去都要排队，但真的值得！快来一起感受这美味的土豆粉吧😋

 姐弟俩土豆粉 美食探店 土豆粉美食 ",郑州土豆粉菜系榜第1名,4,¥26/人,"1-2人,3-4人","情侣,家人,朋友",餐饮美食,特色私房菜,"酸辣粉,面食米粉 刀削面","咸鲜,酸辣",中辣,"有停车场,有空调,商场公共卫生间","纸巾提供,宝宝椅","复古风,有卡座,安静,明亮",,,,,
58,白石烧鸟,84836,白石的深夜食堂,郑州正弘城L7,10:00-22:00,18837102215,,"宝子们，今天必须给你们种草白石烧鸟！

这家店主打各种超美味的烧鸟，风格超有日式居酒屋的氛围，店内装修独具特色，暖黄灯光搭配木质桌椅，温馨又惬意。

他们家的人气单品超多，像提灯烧鸟，一口下去超刺激，独特的口感让人欲罢不能；还有京葱鸡肉串，葱香与鸡肉香完美融合，香嫩多汁。

适合爱美食、爱日料的宝子们来打卡。下班后约上三五好友，来这儿点上几串烧鸟，再小酌一杯，简直不要太快乐！快来白石烧鸟享受这份独特的美味吧😋 ",金水区日式料理热门榜·第7名,4.6,¥84/人,"1-2人,3-4人,4-6人","情侣,家人,朋友",餐饮美食,日料,日韩料理 寿司,"咸鲜,甜咸,酸辣",中辣,"有停车场,有空调,商场公共卫生间","纸巾提供,宝宝椅","有卡座,安静,商场餐厅",,,,,
59,蔡澜点心,84837,蔡澜点心·粤菜,郑州正弘城L7,10:00-22:00,17637467592,,"🥰宝子们，一定要来试试蔡澜点心呀！

一进店，就能感受到浓浓的港风装修，超有氛围感✨。

他们家主打各种精致的港式点心，每一款都颜值超高，味道更是绝绝子😍。像酥皮山楂叉烧包，外皮酥脆，内馅酸甜可口；芙蓉蛋白春卷，一口下去满满的惊喜。

适合喜欢吃点心、追求精致美食的宝子们。无论是和朋友小聚，还是自己享受美味时光，这里都超合适👏。每次来都能被店里的人气单品惊艳到，真的会爱上这里，赶紧冲！ ",金水区粤菜好评榜·第2名,4.7,¥88/人,"1-2人,3-4人,4-6人","情侣,家人,朋友,客户",餐饮美食,粤菜,粤菜,"咸鲜,甜咸,酸辣",中辣,"有停车场,有空调,商场公共卫生间","纸巾提供,宝宝椅","有卡座,安静,商场餐厅",,,,,
60,星巴克,84871,星巴克,,10:00-22:00,,,"☕星巴克真的太懂咖啡脑袋的心啦！

一进店，简约又时尚的装修风格超有氛围感。他家主打各种咖啡饮品，像经典的拿铁，丝滑浓郁；冰摇红莓黑加仑清爽酸甜。人气单品星冰乐更是绝绝子，口感丰富。

不管是上班族来这享受片刻悠闲，还是学生党聚会聊天，都超合适。店员态度亲切，点单时还会耐心给建议。每次来星巴克，都能在舒适的环境里，品尝到美味咖啡，瞬间元气满满！宝子们一定要来试试呀！ ",,,,1-2人,"情侣,家人,朋友",餐饮美食,奶茶,"甜品饮品 奶茶,冰淇淋","甜,酸甜",不辣,,,,,,,,
61,村上一屋,84882,村上一屋,郑州正弘城L8,10:00-22:00,18510313035,," 🍱一口穿越到日本街头！村上一屋超绝
宝子们，发现一家超有氛围感的日料店——村上一屋🎉！

店内装修满满的和风元素，木质桌椅、日式灯笼🏮，仿佛置身东京街头。

他家主打正宗日料，招牌寿喜锅🥘，汤汁浓郁，牛肉鲜嫩。地狱拉面🍜，面条劲道，辣度超爽。

人气单品手握寿司🍣，食材新鲜得仿佛刚从海里捞出来。

适合爱日料的宝子们聚会、小酌。服务员超热情，服务超贴心。每次去都超满足，好吃到停不下来，宝子们快去尝尝😋！ ",金水区日式料理打卡人气榜·第10名,4.5,¥77/人,"1-2人,3-4人,4-6人","情侣,家人,朋友",餐饮美食,日料,日韩料理 寿司,"辣,咸鲜",中辣,"有停车场,有空调,商场公共卫生间","纸巾提供,宝宝椅","有卡座,安静,商场餐厅",,,,,
62,潮味馆,84892,CIUMEIGUN潮味馆,郑州正弘城L7,10:00-22:00,15221200059,,"😍宝子们，今天必须给你们种草一家超有特色的店——潮味馆！

✨店里主打各种潮味美食，风格超酷炫，装修很有个性，一进去就感觉超带感！

🥢他们家的人气单品多到爆！比如那个独特风味的潮式卤味，味道浓郁超入味，一口下去满满的幸福感。还有创意十足的潮式小吃，每一款都能给味蕾带来惊喜。

🤩不管你是美食爱好者，还是喜欢新奇体验的潮人，这里都超适合你！快来潮味馆，一起感受独特的潮味魅力，开启一场舌尖上的潮流之旅吧！ ",郑州粤菜打卡人气榜·第1名,4.4,¥85/人,"3-4人,4-6人,6-10人,10人以上","情侣,家人,朋友",餐饮美食,粤菜,"粤菜,潮汕菜","辣,咸鲜",中辣,"有停车场,有包厢,有空调,有大桌","纸巾提供,宝宝椅","有卡座,等位区,明亮,商场餐厅",,,,,
63,好彩猪肚鸡,84899,好彩猪肚鸡,郑州正弘城L8,10:00-22:00,17703841075,,"🥘宝子们，今天必须给你们种草一家超棒的店——好彩猪肚鸡！

一进店，就能感受到温馨又热闹的氛围。店内装修简约大方，木质桌椅搭配暖黄色灯光，超有氛围感✨

他家主打猪肚鸡，汤底浓郁鲜美，猪肚脆嫩，鸡肉紧实。先喝一口汤，瞬间暖到心窝，再涮上各种配菜，简直绝了😍 人气超高的胡椒猪肚鸡，胡椒味浓郁，超级开胃。

无论是家庭聚餐还是朋友小聚，这里都超合适。快来好彩猪肚鸡，一起享受美味吧😋

 猪肚鸡 美食探店 好吃到爆 ",金水区清热祛湿榜·第2名,4.7,¥77/人,"1-2人,3-4人,4-6人","情侣,家人,客户",餐饮美食,食品滋补,"食补滋补 燕窝,药膳煲汤","甜,咸鲜",不辣,"有停车场,有空调,有WIFI","宝宝椅,可在线预定","复古风,花园风,等位区,商场餐厅",,,,,
64,茉莉奶白,84900,茉莉奶白,郑州正弘城B1,10:00-22:00,17603912639,,宝子们，一定要试试茉莉奶白呀！他家门店装修超有特色，满满的清新国风感，让人一进去就心情超好。主打产品是各种创意茶饮，茶香与奶香完美融合。人气单品茉莉奶绿，入口先是淡雅茉莉香，接着奶香醇厚，清爽解腻。还有茉莉初雪，颜值超高，雪顶搭配茶饮，口感层次丰富。不管是逛街累了想找个地方歇歇脚，还是和朋友小聚，来这喝上一杯都超合适，简直是茶饮爱好者的天堂，分分钟能把人拿捏住！ ,金冠好店,4.4,¥17/人,1-2人,"情侣,朋友,孩子",餐饮美食,茶饮果汁,"甜品饮品 奶茶,茶饮空间,下午茶","甜,酸甜",不辣,"有停车场,有空调,有WIFI",可在线预定,"现代简约,明亮,浪漫",,,,,
65,妙妙梅,84901,妙妙梅,郑州正弘城L7,10:00-22:00,15035259257,," 🍓妙妙梅，一口酸甜，满是惊喜！

宝子们，发现一家超棒的店👉妙妙梅！

他家主打各种梅子制品，店铺风格清新自然，装修超有特色，满满日系风情。

人气单品超多，像酸甜可口的青梅酒，入口醇厚，回味悠长；还有蜜渍青梅，颗颗饱满，甜中带酸，超开胃！

适合喜欢酸甜滋味的宝子们。无论是追剧时来上一包，还是聚会时与朋友分享，都超合适！真的一口爱上，快来尝尝吧😋。 ",,,,1-2人,"情侣,孩子",餐饮美食,,,,不辣,,,,,,,,
66,用心,84908,ROIIN,郑州正弘城L7,10:00-22:00,19137609885,,"真实身份核验：
全国连锁品牌郑州首店（2023年11月进驻），大众点评西餐热门榜TOP2，主厨团队由上海外滩系厨师坐镇
招牌认证：官方公众号可查郑州店菜单&活动，抖音直播间常推套餐
暴击灵魂的郑州特供：
🔥 山葵低温牛舌——
▫️ 厚切澳洲牛舌48小时低温慢煮，配现磨山葵+焦糖凤梨，辛辣果香爆破味蕾
🔥 新密卷尖烩饭——
▫️ 河南非遗新密卷切丝入烩饭！帕玛森芝士裹住溏心蛋，中西混血暴击
🔥 胡辣汤舒芙蕾——
▫️ 山药泥+黑松露替代胡辣汤淀粉感，舒芙蕾蓬如云朵，撒现磨花椒粉提神
把仪式感玩成行为艺术：
✔️ 免费姓名字母灯牌+手写菜单（日期/纪念日烫金打印）
✔️ 主厨盲桌 「今日菜市场」（￥488/位）开盒见河南铁棍山药+中牟紫皮蒜
✔️ 鲜切花束伴餐，离店可带走🌹",郑州牛排热门榜·第2名,4.7,¥130/人,"1-2人,3-4人","情侣,家人,孩子",餐饮美食,西餐,"西餐 意大利餐,牛排馆","辣,酸辣",中辣,"有停车场,有WIFI,商场公共卫生间","纸巾提供,宝宝椅","有卡座,等位区,商场餐厅",,,,,
67,荣先森,84910,荣先森·福建小馆,郑州正弘城L7,10:00-22:00,15713811226,,"😍宝子们，一定要来试试荣先森！这是一家超有特色的店✨。

它家主打福建菜，味道超正宗👍。店铺风格很有闽南风情，装修古色古香，让人仿佛穿越到了老厦门。

人气单品超多，像荔枝肉，外酥里嫩，酸甜可口，一口就爱上😍；还有姜母鸭，香气扑鼻，鸭肉鲜嫩。

这里适合喜欢吃闽菜的宝子们，不管是家庭聚餐还是朋友小聚，都超合适。服务员态度也超好，会贴心介绍菜品。总之，荣先森真的绝绝子，来了就不想走，赶紧冲呀🎉！ ",金冠好店,4.4,¥75/人,"3-4人,4-6人,6-10人,10人以上","情侣,家人,客户",餐饮美食,江浙菜,江浙菜,"酸,咸,辣,酸辣",中辣,"有包厢,有空调,有WIFI,有大桌","宝宝椅,可在线预定","有卡座,等位区,包厢,商场餐厅",,,,,
68,熹物煮物,84912,熹物煮物,郑州正弘城B1,10:00-22:00,15518633875,,"宝子们，今天给你们种草一家超棒的店——熹物煮物！

一进店，独特的装修风格就超吸睛，满满的日式风情，让人仿佛置身东京街头。

他家主打各类煮物，食材新鲜得没话说。招牌寿喜锅，汤汁浓郁香甜，涮啥都好吃。还有超人气的关东煮，每一口都能感受到食材的本味。

无论是忙碌一天后想犒劳自己，还是和朋友小聚，熹物煮物都超合适！店员热情周到，服务贴心。在这里，能尽情享受煮物带来的温暖与美味，真的太赞啦，赶紧冲！ ",,3.6,¥20/人,"1-2人,3-4人","情侣,家人,孩子",餐饮美食,小吃快餐,串串香,"辣,酸辣",中辣,"有停车场,有空调,有WIFI","纸巾提供,可在线预定","安静,热闹,明亮",,,,,
69,牧寻脯,84913,牧寻脯,郑州正弘城B1,10:00-22:00,18203636775,," 被同事追着问的宝藏零食铺——牧寻脯😍

宝子们，挖到一家超棒的零食店👉牧寻脯！他家装修超有特色，满满的ins风，拍照超好看📸。

主打各种美味脯类零食，肉脯、果脯啥的都有。人气单品肉脯，肉质紧实有嚼劲，口味超多，原味咸香、蜜汁甜润，每一口都超满足😋。果脯也很绝，酸酸甜甜，保留了水果的原汁原味。适合咱这种爱吃零食又爱拍照的吃货呀！每次去都忍不住囤好多，和同事、朋友分享，大家都赞不绝口👍。赶紧冲！ ",,3.4,,1-2人,"情侣,朋友,一个人",餐饮美食,熟食熏酱,炸鸡炸串,"咸,辣,酸甜",中辣,"有停车场,有空调,有WIFI,商场公共卫生间","纸巾提供,可在线预定","景观位,安静,明亮,商场餐厅",,,,,
70,EDMI PATISSERIE,84914,EDMI PATISSERIE,郑州正弘城B1,10:00-22:00,15333832599（店内电话）,,"🎂宝子们，一定要来EDMI PATISSERIE呀！

✨这家店的装修超有氛围感，精致又浪漫，一整个爱住！

🥧主打各种高颜值甜品，每一款都像艺术品。像他们家的招牌千层，饼皮超薄，内馅丰富，一口下去超满足。还有可爱的小蛋糕，造型萌趣，味道更是绝绝子。

👭很适合小姐妹聚会或者下午茶时光来打卡。在这里拍照超好看，随便一拍都能出片。甜品控们千万不要错过，快来享受这份甜蜜与美好吧！ ",正弘中心面包蛋糕甜品口味榜·第2名,4.4,¥35/人,"1-2人,3-4人","情侣,家人,孩子",餐饮美食,面包甜点,"甜品饮品 奶茶,布丁,糕点","甜,酸甜",不辣,"有停车场,有空调,有WIFI,商场公共卫生间",可在线预定,"安静,明亮,商场餐厅",,,,,
71,阿上,84915,阿上阿上麻辣香锅&米辣烫,B1,10:00-22:00,19838082131,,"🍲阿上阿上郑州正弘城店｜麻辣香锅×米辣烫の邪教混战！重口党速跪🧎♂️
真实背景核查：
品牌地位：京津冀知名连锁（全国400+店），郑州首店2024年3月登陆正弘城6楼，大众点评「麻辣香锅热门榜」周冠
模式创新：双档口运营—「香锅区」爆炒明档×「米辣烫区」猪骨汤底自选台，一店双吃
暴风吸入指南：
🔥 麻辣香锅核弹区——
▫️ 香辛料玄学：四川汉源花椒+贵州子弹椒现焙现舂，腐乳+醪糟秘制酱是灵魂
▫️ 必加邪物：泡椒牛肉丸（爆汁预警）、炸蛋（吸辣汁赛过海绵）、招牌肥肠（卤后炸出脆皮）
▫️ 自选价：荤菜¥6.8/两｜素菜¥3.8/两｜秘制酱另加¥3
🔥 米辣烫温柔乡——
▫️ 汤底黑科技：豫东辣椒+猪骨熬出琥珀汤，敢选中辣店员鞠躬劝退🌶️
▫️ 隐藏CP：荆芥叶+焦炸素丸子，泡汤三秒脆软双杀！",金水区麻辣烫热门榜·第2名,4.1,¥29/人,"1-2人,3-4人","情侣,朋友,同事",餐饮美食,"粤菜,川菜","酸辣粉,麻辣香锅","辣,酸辣",中辣,"有停车场,有空调,有WIFI,商场公共卫生间","无障碍洗手间,宝宝椅,可在线预定","花园风,有卡座,商场餐厅",,,,,
72,用心外摆,84919,用心外摆,郑州正弘城L7,10:00-22:00,,," 被这家店的外摆狠狠拿捏了🤌
🏠店名：用心外摆

这家店的外摆真的太绝啦！一整个爱住💕

店铺风格简约又时尚，外摆区布置得超有氛围感。绿植、鲜花点缀其中，桌椅摆放错落有致，让人感觉特别惬意。

人气卖点就是这精心打造的外摆空间啦，很适合和朋友来这儿小聚，拍拍照，享受悠闲时光📸。不管是上班族下班后想放松，还是学生党周末想找个好去处，这里都超合适。坐在外摆区，点上一杯饮品，能瞬间忘却所有烦恼~快来感受这份独特的美好吧😉 ",,,,,,餐饮美食,,,,不辣,,,,,,,,
73,VOLAGELATAO,84920,VOLAGELATAO意大利手工冰淇凌,郑州正弘城B1,10:00-22:00,15838040411,,"VOLAGELATO郑州正弘城店｜意大利空运的gelato自由！🇮🇹舌头秒穿特雷维喷泉
颠覆味蕾的暴击操作：
🔥 每日现做·稀有款抢破头
▫️ 中东香料巧克力：伊朗藏红花+西西里黑巧，微咸带药香（每日限5份）
▫️ 伦巴第野莓酸奶：树莓/蓝莓手捣果浆+帕尔马乳酸菌，酸感穿透天灵盖
▫️ 郑州特供胡辣汤味（真·试过！）——牛骨汤冻+香料粉，撒肉丸脆粒还原方中山魔性余韵
工艺卷死同行の硬核证据：
✔️ 脂肪含量≤6%：比普通冰淇淋低3倍，减肥党狂炫无负罪感
✔️ -28℃超高速凝冻：空气含量＜35%（哈根达斯≈50%），口感密实如啃奶酪
✔️ 石头搅拌器镇店：托斯卡纳原石雕凿搅拌缸，低温慢搅锁住风味
买椟还珠级体验：
▪️ 蛋筒现烤焦糖边！撒开心果碎/迷迭香逼死选择困难症
▪️ 试吃勺豪横给整球（店员：“尝完不买算我输！”）
▪️ 墙上挂意大利气象站屏幕：实时播报原料产区温度/湿度
",金水区冰淇凌好评榜·第7名,4.1,¥30/人,"1-2人,3-4人","情侣,朋友,孩子",餐饮美食,"茶饮果汁,冰淇凌","冰淇淋,冰粉,酸奶果碗","甜,酸甜",不辣,"有停车场,有空调,有WIFI,商场公共卫生间","纸巾提供,无障碍洗手间,可在线预定","明亮,亲子友好,放松随意,商场餐厅",,,,,
74,M-STAND,84923,M-STAND,郑州正弘城L4,10:00-22:00,13816995634,,☕M-STAND真的太好逛啦！一进店就被它简约又高级的装修风格吸引，水泥色墙面搭配木质桌椅，超有质感。他家主打咖啡和甜品，每一款都颜值超高！人气单品燕麦曲奇拿铁，燕麦香气浓郁，咖啡醇厚，口感超赞。还有咸蛋黄千层，咸甜交织，一口惊艳。无论是上班族来这享受惬意的下午茶时光，还是小姐妹聚会聊天，M-STAND都超合适。在这里，能感受到独特的咖啡文化氛围，真的会让人忍不住种草，来了还想来！ ,,4.2,¥30/人,1-2人,"朋友,同事,一个人",餐饮美食,"咖啡,茶饮果汁","咖啡茶馆 精品咖啡,手冲咖啡,咖啡简餐","甜,苦",不辣,"有停车场,有空调,有WIFI,商场公共卫生间",可在线预定,"复古风,有卡座,商场餐厅",,,,,
75,欢囍花生,84926,欢囍花生,郑州正弘城B1,10:00-22:00,15301766325,,"🎉宝子们，今天要给你们种草一家超有特色的店——欢囍花生！

🌿它家店铺风格超独特，充满了文艺复古气息。装修特色满满，各种精致的小摆件，让人仿佛穿越到了过去。

🥜主打产品当然是花生啦，口味多样，每一种都香到爆！人气单品更是多到数不过来，像焦糖味花生，甜香交融；麻辣味花生，刺激过瘾。

😋不管你是追剧小零食爱好者，还是聚会时想找美味小吃的，欢囍花生都超适合！吃一口就停不下来，赶紧冲去尝尝吧！ ",,3.9,¥50/人,1-2人,"家人,朋友,一个人",餐饮美食,其他美食,干果,"咸,辣,甜咸",不辣,"有停车场,有空调,有WIFI","纸巾提供,无障碍洗手间","复古风,有卡座,安静,放松随意",,,,,
76,佟源记,84928,佟源记炸肉,郑州正弘城B1,10:00-22:00,18842884275,,"🥩佟源记真的太绝啦！他家主打各种肉肉，一进店就被那新鲜的肉香勾住了魂😋。店铺风格简约又大气，装修很有特色，灯光暖黄，让人感觉超温馨。

人气单品那可太多啦，他家的招牌里脊肉串，外酥里嫩，咬一口滋滋冒油，香得不行！还有大鸡排，个头超大，肉质超嫩。不管是小朋友还是大朋友，都对这儿爱得不行💕。每次路过都得买上几串，边逛边吃，简直美滋滋！宝子们一定要来尝尝呀！ ",银冠好店,4.2,¥20/人,"1-2人,3-4人","情侣,家人,朋友",餐饮美食,小吃快餐,炸鸡炸串,"咸鲜,酸辣",微辣,"有停车场,有空调,有WIFI","纸巾提供,可在线预定","复古风,有卡座,靠窗,安静",,,,,
77,火啫啫,84930,火啫啫·粤式啫啫煲,郑州正弘城L8,10:00-22:00,15137774122,," 🔥啫啫星人集合！这家火啫啫绝了
被朋友拉着来吃这家火啫啫，结果被狠狠种草！

店里装修超有特色，暖黄灯光搭配木质桌椅，营造出温馨的氛围。

他们家主打啫啫煲，各种食材在砂锅里滋滋作响，香气扑鼻。招牌啫排骨，肉质鲜嫩多汁，骨头都带着香味。啫生菜也很绝，保留了蔬菜的脆爽，还吸饱了酱汁的味道。

不管是家庭聚餐还是朋友小聚，来这都超合适。店员热情周到，服务超贴心。宝子们，一定要来尝尝！

📍[店铺地址] ",金水区粤菜打卡人气榜·第5名 ,4.6,¥59/人,"1-2人,3-4人,4-6人,6-10人,10人以上","情侣,家人,朋友,客户",餐饮美食,粤菜,"粤菜,广东火锅","辣,咸鲜,酸辣",中辣,"有停车场,有包厢,有空调,有WIFI","扫码点餐,纸巾提供,可在线预定","复古风,花园风,有卡座,等位区,靠窗,商场餐厅",,,,,
78,23°不太冷椰子鸡,84931,23°不太冷椰子鸡,郑州正弘城L7,10:00-22:00,15236306037,,"🥥宝子们，一定要来尝尝 23°不太冷椰子鸡！

这家店装修超有特色，满满的海岛风情，一进去就像置身热带🌴。主打椰子鸡，汤底都是用新鲜椰子水做的，清甜无比。鸡肉鲜嫩，搭配特制蘸料，绝了！

他们家的人气单品竹笙椰子鸡，竹笙吸饱了汤汁，口感超丰富。还有各种特色配菜，都很新鲜。适合情侣约会、朋友聚餐~在这里既能享受美食，又能感受独特氛围，真的太棒啦👏，快来试试吧！ ",,4.6,¥99/人,"1-2人,3-4人","情侣,家人,朋友,孩子",餐饮美食,火锅,广东火锅,"咸鲜,酸辣",微辣,"有停车场,有空调,有WIFI","扫码点餐,免费热水,纸巾提供",商场餐厅,,,,,
79,王春春鸡汤饭,84935,王春春鸡汤饭,郑州正弘城B1,10:00-22:00,17627255282,,"😍宝子们，今天必须给你们种草王春春鸡汤饭！

这家店的装修超有特色，暖色调灯光搭配木质桌椅，营造出温馨又舒适的用餐氛围。

他家主打鸡汤饭，那鸡汤鲜香浓郁，米饭粒粒饱满，吸满汤汁后一口下去，简直绝了！鸡肉鲜嫩多汁，配菜丰富爽口。

人气单品鸡汤饭真的太赞，浓郁的鸡汤香气扑鼻，每一口都能感受到满满的诚意。很适合上班族忙碌一天后来补充能量，也适合学生党享受一顿美味又营养的餐食。快来王春春鸡汤饭，开启舌尖上的美味之旅吧！ ",金冠好店,4.1,¥29/人,"1-2人,3-4人","家人,朋友,同事",餐饮美食,小吃快餐,"面食米粉 刀削面,担担面,米线,小面","咸鲜,甜咸,酸辣",微辣,"有停车场,有空调,有WIFI","纸巾提供,无障碍洗手间,可在线预定","热闹,放松随意,商场餐厅",,,,,
80,陈麻婆,84942,陈麻婆豆腐,郑州正弘城L7,10:00-22:00,17656215217,,"🌶️宝子们，今天必须给你们种草“陈麻婆”！

他家主打川菜，一进店，浓郁的川味就扑鼻而来。店内装修古色古香，红灯笼、木质桌椅，满满川蜀风情。

麻婆豆腐那叫一个绝，豆腐鲜嫩，麻辣鲜香，拌饭超赞！还有回锅肉，色泽红亮，肥而不腻。适合喜欢吃辣、钟情川菜的宝子们。不管是家庭聚餐还是朋友小聚，来这都超合适。每次去都人满为患，味道真心没得说，吃一次就忘不了，赶紧冲呀！ ",郑州麻婆豆腐菜品榜第2名,4.5,¥84/人,"1-2人,3-4人","情侣,家人,朋友,同事",餐饮美食,川菜,川菜,"辣,咸鲜",不辣,"有包厢,有空调,有WIFI,有大桌","扫码点餐,宝宝椅","有卡座,商场餐厅",,,,,
81,眷茶臻选,84948,眷茶臻选,,10:00-22:00,,,宝子们，今天必须给你们种草眷茶臻选😍！他家主打产品超丰富，各种特色茶饮让人欲罢不能。店铺风格简约又时尚，装修很有格调，进去就感觉超舒服😌。人气单品更是多到挑花眼，像[具体人气单品]，味道绝绝子！好多人都为它疯狂打 call🤩。不管你是奶茶控还是想找个惬意的地方喝杯饮品，眷茶臻选都超合适。店员态度也超热情，服务超贴心👏。快拉上小姐妹一起冲呀，去感受这份独特的美味！ ,,,,,,餐饮美食,,,,不辣,,,,,,,,
82,一个贝果,84950,一个贝果,郑州正弘城B1,10:00-22:00,18530006033,," 一口咬下，满满的幸福感 | 一个贝果🥯
宝子们，发现一家超赞的贝果店——一个贝果！他家装修简约又温馨，满满ins风，拍照超好看📸

主打各种口味贝果，每一款都超绝！全麦贝果健康低卡，嚼劲十足；巧克力贝果内馅浓郁，甜苦交织，好吃到跺脚！人气超高的还有贝果三明治，食材新鲜，搭配超丰富，一口下去超满足😋

无论是早餐想换个花样，还是下午茶嘴馋，来这买个贝果都超合适！上班族、学生党快来冲，绝对能成为你的心头好💕 。 ",金水区健康减脂餐榜第8名,4,¥21人,1-2人,"情侣,朋友,一个人",餐饮美食,面包甜点,面包,甜,不辣,"有空调,有WIFI,商场公共卫生间","扫码点餐,纸巾提供","现代简约,商场餐厅",,,,,
83,朴饱饱,84951,朴饱饱·韩式烤肉,郑州正弘城L8,10:00-22:00,17527620936,,"🔥朴饱饱韩式烤肉｜郑州正弘城6楼的“济州岛炮弹”! 韩国欧巴坐镇烤炉人均120元吃到扶墙🧎♀️
真实身份核验：
韩国血统认证：韩国母公司Seoul BBQ Group直营（国内首店），主厨金顺财为釜山烤肉大赛银奖得主，店内公示《食品原料通关单》及韩国合伙协议
数据背书：大众点评郑州韩国料理热门榜TOP9（2024.5更新），抖音团购月销8000+单
核弹级必吃暴击：
🥩 老母牛の尊严·护心肉套餐——
▫️ 选用南阳谷饲母牛护心肉（市面罕见），配真露烧酒梨汁腌足48小时，烤出焦糖脆边咬开飙肉汁
🧀 芝士牛肠地狱拼盘——
▫️ 韩国空运鲜牛肠塞马苏里拉，烤到金黄鼓泡剪开爆浆，店员吼“Money Inside！”助兴
🍚 光州炸弹拌饭——
▫️ 金枪鱼+腌苏子叶+流心蛋疯狂摇匀，海苔碎多到每口咔哧响
沉浸式韩疯体验：
✔️ 烤盘旁嵌 正宗蜂巢芝士！烤肉的油滴入融成琥珀拉丝
✔️ 小菜 12宫格无限续：酱蟹/泡菜/土豆泥（韩籍经理每周调校酸辣度）
✔️ 墙壁贴满 《请回答1988》剧照，播K-pop店员随时接歌热舞
💰 真实消费指南：
▪️ 人均120元｜抖音双人套餐228元含牛肠+护心肉+拌饭
▪️ 隐藏福利：学生证送蜂巢米酒｜拍照发Ins获赠酱蟹",郑州烤肉好评榜第6名,4.6,¥92人,1-2人,"情侣,朋友,一个人",餐饮美食,烧烤烤肉,烧烤烤肉 韩式烤肉,"辣,咸鲜",不辣,"有空调,有WIFI,明厨亮灶","扫码点餐,纸巾提供","商场餐厅,地铁直达",,,,,
84,古早万丹,84957,古早万丹传统台湾糕点,郑州正弘城B1,10:00-22:00,18800657974,," 古早万丹 | 一口回到童年✨

古早万丹家的糕点真的绝绝子！店里满满都是童年回忆的味道🎂。
店铺装修很温馨，满满当当的陈列让人幸福感爆棚。招牌车轮饼，外皮酥脆，内馅软糯，珍珠奶茶味超赞，一口下去，奶茶香在嘴里散开。还有芋泥奶酪球，芋泥绵密，奶酪细腻，甜度恰到好处。他家糕点都是当日现做，新鲜又美味。无论是小朋友还是大朋友，都能在这里找到属于自己的甜蜜。路过一定要来尝尝，保证你吃了还想吃😋！ ",连锁店,4.4,¥35人,1-2人,"情侣,朋友,一个人",餐饮美食,面包甜点,面包,甜,不辣,"有空调,有WIFI","扫码点餐,纸巾提供","现代简约,网红打卡风",,,,,
85,王繁星面馆,84961,王繁星面馆,郑州正弘城L8,10:00-22:00,19525552913,,"宝子们，今天要给你们种草一家超棒的面馆——王繁星面馆😋！

一进店，就能感受到独特的风格，装修很有特色，让人感觉温馨又舒适。

他家主打各种美味面条，每一款都超赞👍！人气单品更是让人欲罢不能，面条劲道有嚼劲，汤汁浓郁鲜香。

不管你是上班族，忙碌一天后来这吃一碗热乎面，瞬间元气满满；还是学生党，想找个美味又实惠的地方，这里都超合适。总之，王繁星面馆就是能满足你味蕾的宝藏小店，赶紧冲呀👏！ ",郑州粉面馆好评榜第2名,4.3,¥41人,1-2人,"情侣,朋友,一个人",餐饮美食,小吃快餐,面食米粉 刀削面,"咸,辣,咸鲜",不辣,"有空调,有WIFI,有大桌,明厨亮灶","扫码点餐,纸巾提供","复古风,现代简约",,,,,
86,六市口,84963,六市口老砂锅,郑州正弘城B1,10:00-22:00,17639061280,,"🍲六市口老砂锅｜郑州正弘城负一楼的“成都砂锅刺客”！人均25元烫嘴快乐


真实身份锁定：
成都血统认证：成都老牌砂锅连锁郑州首店（2024年4月进驻），扎根正弘城负一楼「食光里」美食街区，大众点评“麻辣烫/砂锅”类目周榜TOP10
性价比核弹：抖音爆款双人餐39.9元（一荤两素+米饭无限续），学生党打工人的碳水救星
砂锅里藏着的川魂暴击：
🔥 粉丝虾销魂锅——
▫️ 现剥鲜虾+秘制蒜蓉酱铺满表层，红薯粉吸饱汤汁后滑如绸缎，底部垫豆芽脆响解腻


🔥 番茄浓汤炸弹——
▫️ 新疆番茄熬出金沙质地，酸度炸裂！拌饭时疯狂戳溏心蛋，蛋液裹饭秒变熔岩瀑布

🔥 暗黑彩蛋·胡辣汤砂锅——
▫️ 郑州特供款！牛骨汤打底+方中山同款香料粉，撒现炸肉丸脆粒，本地人直呼魔性

后厨狠活肉眼可见：
✔️ 明档猛火灶台：砂锅直接怼喷枪加热，上桌时汤汁还在咕嘟翻滚（店员吼“小心烫嘴！”）
✔️ 小料台暗藏玄机：四川二荆条干碟+河南荆芥叶，混蘸解锁新大陆",郑州中心小吃快餐打卡人气榜第3名,4.2,¥25人,1-2人,"情侣,朋友,一个人",餐饮美食,小吃快餐,砂锅菜,"咸,辣,咸鲜",不辣,"有停车场,有空调,有WIFI,明厨亮灶","扫码点餐,宝宝椅","等位区,地铁直达",,,,,
87,O＇EAT,84969,0’eatBistro&Gastronomg,郑州正弘城L7,10:00-22:00,15517810727,,"O’eat Bistro & Gastronomy｜郑州正弘城7楼的“法式慢生活实验室”！人均150元吃出巴黎街角松弛感🇫🇷
🔍 真实身份核验
首店光环：2024年进驻正弘城7层L714铺（“正弘之眼”观景平台旁），华中地区首家门店，稳居大众点评“郑州西餐热门榜TOP1”
。
血统认证：源自欧洲的休闲餐饮品牌，主打“Bistro+Gastronomy”双模式（精致小酒馆×创意正餐），店内公示欧盟食材溯源证书
。
🌟 味蕾核爆点
🔥 仪式感暴击·无花果叶烟熏春鸡——
▫️ 现场桌边表演烟熏开箱！苹果木熏香渗入皮肉，搭配百里香烤南瓜，鸡肉嫩到飙汁，烟熏腊香回味悠长

。
🔥 碳烧丹佛牛排——
▫️ 澳洲谷饲牛排2000℃高温炙烤，焦脆外壳锁住粉红肉芯，上桌时烤盘滋响，肉香炸裂
。
🔥 手撕鸡肉瀑布三明治——
▫️ 溏心蛋液+蒜香手撕鸡倾泻而下，酥脆酸面包兜住瀑布，一口咬出三重口感暴击
。
🍨 蜂巢冰淇淋配牛奶冻——
▫️ 焦糖蜂巢现场敲碎！混搭丝滑奶冻+香草冰淇淋，冰火脆绵四重奏
。
🎨 氛围感拿捏术
✔️ 绿植环绕的欧式剧场：复古砖墙+鲜花餐桌+暖黄吊灯，落地窗直面“正弘之眼”夜景，秒出《午夜巴黎》胶片感大片

。
✔️ 开放式厨房Live秀：厨师在绿植橱窗后现做提拉米苏，咖啡拉花师表演天鹅雕花
。
✔️ 隐藏彩蛋：晚8点后切换酒吧模式，自然酒单含小众意大利橙酒，配西班牙5J火腿拼盘
。
",郑州西餐热门榜第1名,4.6,¥110人,1-2人,"情侣,朋友,一个人",餐饮美食,西餐,西餐 意大利餐,"咸,咸鲜",不辣,"有停车场,有空调,有WIFI,商场公共卫生间","扫码点餐,纸巾提供","现代简约,景观位",,,,,
88,周黑鸭,84972,周黑鸭,郑州正弘城B1,10:00-22:00,17814555086,,"😍宝子们，一定要来尝尝周黑鸭呀！

走进店里，就能闻到那股超诱人的卤香味。他家主打各种卤味，鸭脖、鸭翅、鸭锁骨啥的，每一样都卤得超级入味😋。店铺风格简洁明了，摆放得整整齐齐。人气单品那可太多啦，鸭脖肉紧实有嚼劲，啃起来超带感；鸭翅连骨头都香得很，嗦一口超满足。不管是追剧的时候，还是嘴馋的时候，来上一份周黑鸭，简直美滋滋！上班族、学生党，爱吃卤味的宝子都给我冲🐛！ ",连锁店,4.1,¥27人,1-2人,"情侣,朋友,一个人",餐饮美食,熟食熏酱,卤味鸭脖,"咸,咸鲜",不辣,"有停车场,有空调,有WIFI,商场公共卫生间","扫码点餐,纸巾提供","现代简约,网红打卡风",,,,,
89,麒麟大口茶,84975,麒麟大口茶,郑州正弘城B1,10:00-22:00,15303715201,," 一口爱上💖麒麟大口茶
宝子们，一定要来试试麒麟大口茶！

他们家主打各种特色茶饮。店铺风格清新简约，装修很有个性，让人一进店就感觉超舒服😌。

人气单品麒麟大口茶，茶味浓郁，香气扑鼻，喝一口就被惊艳到😍。还有草莓炸弹牛乳茶，满满的草莓果肉，搭配醇厚牛乳，口感丰富。

不管是逛街累了想找个地方歇脚，还是和朋友聚会，来这儿买上一杯都超合适👍。爱喝奶茶的宝子千万不能错过，保证你喝一次就会爱上，赶紧冲呀！ ",郑州饮品好评榜第7名,4.4,¥15人,1-2人,"情侣,朋友,一个人",餐饮美食,茶饮果汁,甜品饮品 奶茶,甜,不辣,"有空调,商场公共卫生间","扫码点餐,纸巾提供","现代简约,网红打卡风",,,,,
90,趁热集合,84976,HOTCRUSH趁热集合·现烤面包,郑州正弘城B1,10:00-22:00,19903773895,," 🔥趁热集合 | 一口甜到心巴上的宝藏烘焙店
宝子们，发现一家超赞的烘焙店——趁热集合🎉！

店里装修简约时尚，满满ins风，随手一拍都很出片📸。

他们家主打各种创意烘焙，人气单品爆浆麻薯，一口咬下，糯叽叽还会爆浆，超满足😋；还有奥利奥毛巾卷，松软的蛋糕裹着香甜奶油和奥利奥碎，口感丰富。

适合爱吃甜品的宝子们，不管是当早餐还是下午茶都超合适~每次路过都忍不住进去买几个，真的太爱啦😍！ ",郑州面包蛋糕热门榜第3名,4.3,¥40人,1-2人,"情侣,朋友,一个人",餐饮美食,面包甜点,面包,甜,不辣,"有空调,有WIFI,商场公共卫生间,明厨亮灶","扫码点餐,纸巾提供","现代简约,异国风情",,,,,
91,煎饼道,84977,煎饼道,郑州正弘城B1,10:00-22:00,17627255282,," 🌯一口爱上的煎饼道，谁吃谁迷糊！
宝子们，发现一家超赞的煎饼店——煎饼道🎉！

他家主打各种特色煎饼，口味超丰富。招牌煎饼里的薄脆又香又脆，配菜新鲜爽口，酱料浓郁超入味😋。店铺风格简约干净，装修很有街边小店的烟火气。

人气单品多得很，像经典原味煎饼就很受欢迎，老少皆宜。还有创意满满的水果煎饼，水果给的超大方，一口下去超满足。不管是上班族赶时间来一份，还是学生党解馋，都再合适不过啦🤩。路过一定要来尝尝，保证你吃完就念念不忘！ ",连锁店,3.9,¥14人,1-2人,"情侣,朋友,一个人",餐饮美食,小吃快餐,煎饼果子,"辣,咸鲜",不辣,"有停车场,有空调,有WIFI,商场公共卫生间","扫码点餐,纸巾提供","现代简约,商场餐厅",,,,,
92,山缓缓,84978,山缓缓火锅,郑州正弘城L8,10:00-22:00,19272616628,,"标题：郑州正弘城‼️冲进山野吃火锅🌲人均150+的“城市逃离计划”值吗？
正文：
#郑州探店 #网红火锅 #山缓缓火锅
打工人周末的治愈时刻💆‍♀️
正弘城新开的「山缓缓」火锅也太会了！
从进门那一刻就感觉一头扎进山林里⛰️
枯枝藤蔓+绿植环绕+暖光木桌…
商圈里造了个“山野结界” 谁懂啊！！
🔥必点清单抄作业（亲测不踩雷）
▫️ 【草本原汤锅】
黄牛骨+红枣枸杞熬的养生汤底🍲
先喝汤再涮肉！鲜到眉毛跳舞💃
▫️ 【9秒牛肉】
名字没骗人‼️嫩到筷子夹不住
裹满山葵酱一口入魂🌿
▫️ 【鲜天麻&羊肚菌】
火锅涮天麻第一次吃！脆脆的像山药
羊肚菌吸饱汤汁鲜掉天灵盖🤤
▫️ 【刺梨山茶】
贵州野果子做的特饮🍹酸酸甜甜超解腻
杯子还刻了“向山野”⛰️仪式感拉满
📸出片玄学指南
→ 坐窗边绿植区！枯枝当前景拍锅底超森系
→ 举着刺梨茶拍标语墙“都往人海去，我心向山野”
→ 野菜篮当道具🍅挂着的南瓜也超可爱
💣真实体验预警
✅ 环境治愈值爆表｜服务细节贴心（送茶送水果）
✅ 野菜菌菇党狂喜｜牛肉品质对得起价格
❌ 饭点排队2h起‼️建议16:00卡点去
❌ 肉食兽觉得素菜偏贵（但菌子真的鲜）",郑州四川火锅热门榜第1名,4.7,¥123人,"1-2人,3-4人","情侣,朋友,一个人",餐饮美食,川菜,火锅 四川火锅,"辣,咸鲜",不辣,"有空调,有WIFI,有大桌,商场公共卫生间","扫码点餐,纸巾提供","等位区,商场餐厅",,,,,
93,O'EAT外摆,84980,,,10:00-22:00,,,"宝子们👭，发现一家超有氛围感的店👉O'EAT外摆！他家主打各种精致美食😋，店铺风格超独特，外摆区域宽敞又舒适，绿植环绕🌳，仿佛置身于城市中的小花园。

人气单品超多，比如招牌汉堡🍔，肉饼厚实多汁，一口下去超满足。还有特色饮品🥤，颜值高又好喝。这里很适合和朋友聚餐聊天👯，也适合上班族下班后过来放松。无论是享受美食还是拍照打卡，O'EAT外摆都超赞👍，赶紧拉上小伙伴来体验呀！ ",,,,,,餐饮美食,,,,不辣,,,,,,,,
94,沪上阿姨,84984,沪上阿姨,郑州正弘城L8,10:00-22:00,15837191193,," 沪上阿姨 | 奶茶控的心头好😍
沪上阿姨家的装修风格简约又清新，让人一进店就感觉超舒服😌。

他们家主打各类茶饮，像血糯米奶茶，血糯米软糯香甜，奶茶浓郁丝滑，一口下去超满足🤩。还有杨枝甘露，满满都是料，酸甜的芒果搭配Q弹的西米，清爽解腻🥤。

不管是逛街累了想找个地方歇脚，还是和朋友聚会，来沪上阿姨都超合适👏。店员态度也特别好，点单快，出餐还快。真的爱了爱了，宝子们一定要来试试呀💕！ ",连锁店,4.2,¥16人,1-2人,"情侣,朋友,一个人",餐饮美食,茶饮果汁,珍珠奶茶,甜,不辣,有空调,"扫码点餐,纸巾提供","现代简约,网红打卡风",,,,,
95,京绣川,84985,京绣川麻辣香锅,郑州正弘城L8,10:00-22:00,18336727272,," 🌶️这家川菜馆太绝啦！被我找到！
🏠店名：京绣川

🌶️京绣川是一家超正宗的川菜馆！他家主打各种地道川菜，每一道都麻辣鲜香，让人欲罢不能。

🎨店里装修很有特色，古色古香的，满满的川味风情。

🍲人气单品特别多，像毛血旺，鸭血鲜嫩，配菜丰富；还有辣子鸡，鸡肉外酥里嫩，香得很！

💁‍♀️适合喜欢吃辣的宝子们，聚餐约会来这儿超合适！一进店，浓郁的香味就扑鼻而来，吃上一口，瞬间被圈粉，绝对能满足你对川菜的所有幻想！赶紧冲！ ",连锁店,4.2,¥41人,1-2人,"情侣,朋友,一个人",餐饮美食,小吃快餐,麻辣香锅,"辣,咸鲜",不辣,"有空调,有WIFI,商场公共卫生间,明厨亮灶","扫码点餐,纸巾提供","现代简约,地铁直达",,,,,
96,安三胖,84991,安又胖韩国烤肉,郑州正弘城L7,10:00-22:00,19337102816,," 一口入魂🔥韩国街头小吃天花板
宝子们，今天必须给你们安利这家超绝的韩料店👉安三胖！

一进店，浓郁的韩国街头氛围就扑面而来🎈木质桌椅、复古招牌，仿佛穿越到了首尔街头。

他们家主打韩式烤肉，招牌五花肉必点！烤得滋滋冒油，裹上生菜🥬 再加上蒜片和泡菜，一口下去，香到爆！还有拉丝超绝的芝士玉米🌽 和会爆汁的鱼饼汤🐟 味道正宗得没话说。

不管是情侣约会还是朋友聚餐，来这都超合适！答应我，一定要来尝尝，保证你吃一次就爱上💖

 安三胖 韩式烤肉 美食探店 ",连锁店,,¥90人,1-2人,"情侣,朋友,一个人",餐饮美食,烧烤烤肉,烧烤烤肉 韩式烤肉,"辣,咸鲜,酸甜",不辣,"有空调,有WIFI","扫码点餐,纸巾提供","现代简约,热闹",,,,,
97,山间晓厨,85006,山间晓厨爆炒下饭菜,郑州正弘城L8,10:00-22:00,15393718007,,宝子们，今天必须给你们种草山间晓厨🌿！这店风格超有特色，装修带着浓浓的自然气息，仿佛把山间搬到了店里。他家主打各种创意农家菜🥘，食材新鲜得没话说。像招牌红烧肉，色泽红亮，入口即化，肥而不腻，一口就爱上😍。还有特色时蔬，清爽可口。人气超旺，每次去都要排队。不管是家庭聚餐还是朋友小聚，来这都超合适。价格实惠，分量超足。服务员态度也超热情，让人感觉超舒服。赶紧冲呀，去山间晓厨享受美味！ ,金水区家常菜热门榜第4名,4.2,¥45人,1-2人,"情侣,朋友,一个人",餐饮美食,小吃快餐,湘菜,"辣,咸鲜",不辣,"有空调,有WIFI,商场公共卫生间,明厨亮灶","宝宝椅,可在线预定","商场餐厅,地铁直达",,,,,
98,野果,85007,野果yeego,郑州正弘城L7,10:00-22:00,15903515600,,"🍲野果yeego｜郑州正弘城7楼的云贵创意风暴！人均100元舌尖穿越雨林
🔍 真实身份核验
首店光环：2024年进驻正弘城7层L713B铺位，河南首家创意云贵菜品牌
，稳居大众点评“郑州云贵菜热门榜TOP1”，日均排队超1小时
。
血统认证：融合云南、贵州传统风味与新派技法，店内公示野生菌类检疫证明及云贵食材空运记录。
🌟 味蕾核爆点
🔥 铜锅油焖鸡配烤糖饵块——
▫️ 招牌必点！土鸡块与土豆慢炖至绵密糊状，裹满香辣酱汁，糖烤饵块外脆内糯，蘸汤汁吃出碳水解腻感（辣度可选，后劲十足）
。
🔥 脆浪奶油野山菌——
▫️ 野山菌鲜香碰撞浓醇奶油，脆米饼托底吸汁，口感三重暴击，素食者狂喜
。
🔥 牛肝菌牛舌饭——
▫️ 厚切牛舌嫩弹+牛肝菌馥郁酱汁，米饭粒粒裹满菌油，每勺都是“碳水核弹”
。
🍨 香草冰淇淋包谷粑——
▫️ 云贵特色包谷粑（玉米糕）温热软糯，顶盖冰爽香草冰淇淋，冰火交融秒上头
。
🌿 氛围感拿捏术
✔️ 森系雨林剧场：绿植墙+藤编灯+民族纹样餐具，落地窗直面商场流光，随手拍出《去有风的地方》同款大片

。
✔️ 隐藏彩蛋：免费赠送苹果醋解腻茶饮，店员会贴心提醒“油焖鸡配白米饭更绝！”
。
",郑州创意菜热门榜第1名,4.4,¥118/人,1-2人,"情侣,朋友,一个人",餐饮美食,其他美食,创意菜 无菜单料理,"酸,甜,苦,辣",不辣,"有停车场,有空调,有WIFI,商场公共卫生间","扫码点餐,纸巾提供","现代简约,工业风",,,,,
99,库迪咖啡,85011,库迪咖啡,郑州正弘城B1,10:00-22:00,18737807878,,"☕库迪咖啡来啦！

他们家的装修超有科技感，未来感十足，拍照超好看📸。主打产品咖啡口感超棒，像潘帕斯蓝生酪茉莉拿铁，清爽的茉莉花香与醇厚咖啡完美融合，还有浓郁的生酪味，一口下去超满足😋。人气单品多多，无论你是咖啡控还是想找个地方惬意小坐，库迪都超合适。价格也很亲民，学生党、上班族都能轻松拥有快乐咖啡时光~快拉上小伙伴一起冲，感受这独特的咖啡魅力！ ",郑州拿铁菜品第3名,4.2,¥10/人,1-2人,"情侣,朋友,一个人",餐饮美食,咖啡,咖啡茶馆 精品咖啡,"甜,苦",不辣,"有停车场,有空调,有WIFI,商场公共卫生间","扫码点餐,纸巾提供","现代简约,网红打卡风",,,,,
100,栗记仙豆糕,85012,栗记仙豆糕·特色绿豆糕·糯叽叽,郑州正弘城B1,10:00-22:00,18697367069,,宝子们，今天必须给你们种草栗记仙豆糕！他家的仙豆糕口味超丰富，有经典原味、香甜紫薯、浓郁红豆等，每一种都好吃到停不下来😋。店铺风格简约又温馨，让人感觉很舒服。现做现卖，拿到手还是热乎乎的，外皮酥脆，内馅软糯。人气单品原味仙豆糕，一口咬下去，满满的豆香，口感超赞👍。不管是当早餐还是下午茶点心都超合适，上班族、学生党都爱惨啦！路过一定要去尝尝，保证你吃一次就忘不了！ ,郑州中心面包蛋糕甜品口味榜第1名,4.4,¥16/人,1-2人,"情侣,朋友,一个人",餐饮美食,面包甜点,糕点,甜,不辣,"有空调,有WIFI","纸巾提供,可带宠物","现代简约,网红打卡风",,,,,
101,seesaw,85018,seesaw Coffee,郑州正弘城B1,10:00-22:00,19036938869,,"☕seesaw真的太绝啦！

他家的装修超有特色，工业风满满，金属质感的桌椅，简约又时尚，拍照超好看📸。

主打咖啡饮品，每一款都独具风味。人气单品比如澳白，咖啡香气浓郁，口感醇厚。

很适合咖啡爱好者来打卡。不管是和朋友小聚，还是自己来享受一段惬意时光，都超合适。在这里，能感受到咖啡带来的纯粹快乐，每一口都仿佛在和咖啡谈一场浪漫的恋爱💕，真的会让人爱上！ ",金水区咖啡打卡人气榜第10名,4.2,¥30/人,1-2人,"情侣,朋友,一个人",餐饮美食,咖啡,咖啡茶馆 精品咖啡,"甜,苦",不辣,"有停车场,有空调,有WIFI,商场公共卫生间","扫码点餐,纸巾提供","现代简约,网红打卡风",,,,,
102,乐乐姐超级土豆,85022,乐乐姐超级土豆,郑州正弘城B1,10:00-22:00,18329992692,," 🌶️乐乐姐超级土豆，一口就爱上！
这家店装修超有特色，满满复古风，让人仿佛穿越回过去。主打各种口味的超级土豆🥔，每一根都炸得金黄酥脆，口感超棒！

他家的招牌酱料是灵魂，独特配方让土豆味道层次超丰富。人气单品“麻辣超级土豆”，辣度恰到好处，麻香十足，吃一口就停不下来。还有“番茄肉酱超级土豆”，酸甜浓郁的肉酱搭配香脆土豆，绝了！不管你是学生党还是上班族，逛街逛累了来上一份，瞬间能量满满💪，快来尝尝吧！ ",郑州小吃打卡人气榜第1名,4.4,¥19/人,1-2人,"情侣,朋友,一个人",餐饮美食,小吃快餐,炸鸡炸串,"咸,辣",不辣,"有空调,有WIFI,商场公共卫生间","扫码点餐,纸巾提供","网红打卡风,热闹",,,,,
103,柠檬向右,85026,柠檬向右,郑州正弘城L8,10:00-22:00,15890610763,," 🍋柠檬向右 | 清爽一夏的宝藏店铺
宝子们，发现一家超棒的饮品店👉柠檬向右！

他家装修超有特色，简约又清新，满满ins风，拍照超好看📸。

主打各种鲜榨柠檬饮品，真材实料，每口都能喝到清新的柠檬香气。招牌手打柠檬茶，茶底清爽，柠檬味超浓郁，一口下去超解腻！还有爆打渣男绿，名字有趣味道更赞👍。

适合爱喝清爽饮品的宝子们，逛街累了来一杯，瞬间活力满满！无论是和闺蜜约会还是自己小酌，柠檬向右都超合适，赶紧冲鸭！ ",金水区茶饮果汁口味榜第8名,4.5,¥18/人,1-2人,"情侣,朋友,一个人",餐饮美食,茶饮果汁,珍珠奶茶,"甜,酸甜",不辣,"有空调,有WIFI,商场公共卫生间,明厨亮灶","扫码点餐,纸巾提供","现代简约,地铁直达",,,,,
104,大叹号延边烤肉,85028,大叹号延边烤肉·朝鲜族料理,郑州正弘城L8,10:00-22:00,18769977487,,"🥩宝子们，今天必须给你们种草大叹号延边烤肉！

一进店，那浓郁的朝鲜族风情装修就超有特色，木质桌椅、传统壁画，仿佛一秒穿越到延边。

他家主打延边特色烤肉，各种肉肉品质超棒！招牌牛肉纹理清晰，烤起来滋滋冒油，香迷糊了。还有特色的辣白菜五花肉，独特风味绝了。

不管是烤肉老饕还是想尝鲜的宝子都超适合！店员热情周到，会贴心帮忙烤肉。在这能尽情享受地道延边风味烤肉，真的太赞啦，赶紧冲！ ",郑州韩式烤肉好评榜第4名,4.6,¥70/人,1-2人,"情侣,朋友,一个人",餐饮美食,韩国料理,烧烤烤肉 韩式烤肉,"辣,咸鲜,酸甜",不辣,"有停车场,有空调,有WIFI,有大桌,商场公共卫生间","扫码点餐,纸巾提供,宝宝椅","热闹,亲子友好",,,,,
105,贝塔太空局,85030,BETASPACE贝塔太空局,郑州正弘城L8,10:00-22:00,13253603919,,"贝塔太空局健康零食店
专注健康冻干零食的科幻体验品牌，核心亮点：
明星产品：-30℃真空冻干草莓脆（辽宁丹东草莓）、零添加香菇脆、太空主题糖果礼盒（含宇航员造型巧克力）
黑科技工艺：FD冻干技术锁鲜，保留食材90%营养，口感酥脆不硌牙",,3.6,¥25/人,1-2人,"情侣,朋友,一个人",餐饮美食,小吃快餐,零食,甜,不辣,"有停车场,有空调,有WIFI,商场公共卫生间","扫码点餐,纸巾提供","现代简约,网红打卡风",,,,,
106,九十葉,85031,九十葉·抹茶专属门店,郑州正弘城B1,10:00-22:00,15638266668,,"🍵 九十葉·抹茶专门店｜郑州正弘城负一楼“抹茶浓度实验室”（河南首店

）
🔍 核心亮点
抹茶Gelato浓度分级：
提供5款浓度抹茶冰淇淋（1号甜润→5号浓苦），最高浓度25.9%
，资深抹茶控可选5号挑战“啃茶树”般的醇苦
，新手推荐2号或茉莉绿茶味
。
特色产品矩阵：
现制抹茶饮品：茶筅手打抹茶泡沫+鲜奶，视觉味觉双享受
；
抹茶生巧：丝绒质地融合抹茶与可可香，小盒/大盒装（15-28元）
；
抹茶杏仁豆腐布丁：配陶罐盛装，微苦平衡甜腻
。
创意口味组合：
除抹茶外，还有焙茶焦香、西西里开心果、柚子0脂等8款Gelato，可双球混搭蛋筒或杯装
。
🏠 店铺氛围
设计风格：原木展台+黑金主调，玻璃橱窗展示当日新鲜Gelato
，暗绿大理石墙面营造“年轻沧桑感”
；
体验细节：开放式制作区现打抹茶、免费试吃、黑金主题周边（纸巾/小票）
。
",郑州冰淇淋打卡人气榜第1名,4.3,¥41/人,1-2人,"情侣,朋友,一个人",餐饮美食,小吃快餐,冰淇淋,甜,不辣,"有停车场,有空调,有WIFI","扫码点餐,纸巾提供","现代简约,网红打卡风",,,,,
107,PUTOTO,85043,PUTOTO·薯条专营店,郑州正弘城B1,10:00-22:00,13137992652,,"🍟 PUTOTO薯条专营店｜郑州正弘城负一楼“薯条实验室”（郑州首店）
🔥 核心亮点
创意薯条矩阵：
招牌摇摇薯：现炸薯条+特调干粉（海苔、麻辣、甘梅等）摇匀，外脆内糯
；
特色酱酱薯：30cm超长薯条淋秘制酱料（黑松露、玉米浓汤、榴莲芝士），单份20元起
；
创新小吃：配芝士球、肉肠等炸物，自由组合套餐
。
口味多样性：
40+种口味选择，涵盖干拌、酱汁两大系列，米其林大厨参与研发
。",连锁店,4.2,¥30/人,1-2人,"情侣,朋友,一个人",餐饮美食,小吃快餐,炸鸡汉堡,"辣,咸鲜",不辣,"有停车场,有包厢,有WIFI,商场公共卫生间","扫码点餐,纸巾提供","现代简约,工业风",,,,,
108,老韩煸鸡,85070,老韩煸鸡,郑州正弘城B1,10:00-22:00,13569299270,,😍宝子们，今天必须给你们种草老韩煸鸡！他家主打超香的煸鸡，鸡肉鲜嫩多汁，每一口都超入味，香到嗦手指！店铺风格简约又接地气。装修特色就是那种让人感觉很亲切的市井风。人气单品除了煸鸡，还有各种特色小吃。好多人都说吃一次就忘不了。不管你是上班族想快速解决一顿美味，还是学生党嘴馋想找好吃的，或者是家庭聚餐想换个口味，来老韩煸鸡都妥妥没问题！保证让你吃得满足又开心，赶紧冲呀！ ,金水万达/蓝堡湾小吃快餐打卡人气榜第2名,4.2,¥29/人,1-2人,"情侣,朋友,一个人",餐饮美食,韩国料理,炸鸡炸串,"咸鲜,甜咸,酸辣,酸甜",不辣,"有停车场,有空调,有WIFI,商场公共卫生间","扫码点餐,纸巾提供","网红打卡风,商场餐厅",,,,,
109,YEE3,85071,YEE3·3号椰,郑州正弘城B1,10:00-22:00,15188399604,,"YEE3·3号椰｜郑州正弘城B1的“椰青刺客”！日均开椰800个的爆款实验室
🔍 核验信息
品牌背景：海南连锁品牌「椰小白」子品牌，郑州首店2024年10月进驻正弘城负一楼，营业2月稳居商场饮品榜TOP3
硬核工艺：每日空运海南老椰青（单果重≥1.2kg），店内现开现制
🌟 必喝暴击款
原只椰青冻（镇店顶流🔥）
→ 整颗椰青注入生椰乳+寒天慢凝12小时！配黄金椰粒+刮勺，挖着吃像椰奶布丁（¥35/个，2人分享够）
生打椰芒糯米饭
→ 泰国金枕芒+糯米打底，浇冰镇椰奶，搅匀喝出东南亚甜品冷萃感（¥22）
暗黑彩蛋·香菜青柠椰
→ 海南小青柠+现切香菜打汁，撞椰水后清爽上头，猎奇党试完真香",连锁店,4.3,¥19/人,1-2人,"情侣,朋友,一个人",餐饮美食,奶茶,甜品饮品 奶茶,甜,不辣,"有停车场,有空调,有WIFI,商场公共卫生间","扫码点餐,纸巾提供","网红打卡风,商场餐厅",,,,,
110,麻六记酸辣粉,85074,麻六记酸辣粉,郑州正弘城B1,10:00-22:00,19837852638,,😍宝子们，一定要试试麻六记酸辣粉！他家的酸辣粉堪称一绝👍。粉条爽滑劲道，入口 Q 弹有嚼劲。汤汁浓郁酸辣，一口下去超开胃，瞬间点燃味蕾🔥。配菜丰富，酸笋、豆皮、花生等搭配得恰到好处，每一口都层次满满。店铺装修风格简约时尚，干净整洁。无论是上班族忙碌时来一碗快速解决温饱，还是学生党嘴馋时来一份解馋，都再合适不过啦！随时随地嗦上一碗麻六记酸辣粉，简直美滋滋😋，完全停不下来！ ,金水区小吃快餐好评榜第3名,4.3,¥24/人,1-2人,"情侣,朋友,一个人",餐饮美食,小吃快餐,酸辣粉,"辣,酸辣",不辣,"有空调,有WIFI,有大桌,商场公共卫生间","扫码点餐,可在线预定","放松随意,商场餐厅",,,,,
111,麦当劳,85076,麦当劳,,10:00-22:00,,," 🍔麦门信徒集合！麦当劳真的太好逛啦
宝子们，麦当劳真的是永远滴神！每次路过都被它独特的装修风格吸引，黄红配色超亮眼，简约又时尚，拍照超好看📷

它家主打各种美味的快餐，汉堡、薯条、炸鸡，每一样都香到爆！人气单品巨无霸，牛肉饼厚实多汁，搭配特制酱料，一口下去超满足！还有麦辣鸡翅，外皮酥脆，内里鲜嫩，谁吃了不说一句绝绝子👍

不管是上班族赶时间来一顿快捷午餐，还是学生党聚会解馋，麦当劳都超合适！宝子们，快冲！

 麦当劳 美食探店 人气快餐 ",,,,,,餐饮美食,小吃快餐,炸鸡汉堡,,不辣,"有空调,扫码点餐",可在线预定,,,,,,
112,UOUO YOGE希腊酸奶,85077,UOUO YOGE希腊酸奶,郑州正弘城B1,10:00-22:00,18236790532 13271598712,," 挖到宝啦！这家希腊酸奶超好喝
UOUO YOGE希腊酸奶真的绝绝子！一进店，清新简约的装修风格超舒服。他家主打希腊酸奶，口感醇厚，味道超正。

人气单品超多，像经典原味酸奶，浓郁奶香让人欲罢不能。水果拌酸奶也超赞，新鲜水果搭配醇厚酸奶，一口下去超满足。

适合健身达人补充蛋白质，也适合像我这样的吃货日常解馋。无论是当早餐还是下午茶，都超合适。每次来买都看到好多人排队，真的太火啦！宝子们一定要来尝尝！ ",郑州冰淇淋好评榜第1名,4.4,¥14/人,1-2人,"情侣,朋友,一个人",餐饮美食,小吃快餐,冰淇淋,甜,不辣,"有空调,有WIFI,商场公共卫生间","扫码点餐,可带宠物","商场餐厅,宠物主题餐厅",,,,,
113,NEED,85079,NEED创意韩国料理,郑州正弘城L8,10:00-22:00,15290522271,,"🥢NEED创意韩国料理｜郑州正弘城7楼的“韩食实验室”！人均150元吃出首尔潮味🇰🇷
🌟 颠覆性韩食暴击
🔥 芝士春川鸡火山锅——
▫️ 现场堆砌蜂窝状马苏里拉！火焰喷枪炙烤拉丝1米，鸡肉裹甜辣酱+年糕，芝士控原地升天
🔥 黑芝麻布拉塔冷面——
▫️ 意大利布拉特奶酪+韩式冷面，撒现磨黑芝麻酱，冰爽奶香撞出高级感
🔥 蚂蚁洞辣猪蹄包饭——
▫️ 济州岛辣酱卤猪蹄撕条，配生菜/紫苏叶+蚂蚁造型饭团，韩剧同款手抓吃法
🎨 沉浸式韩疯体验
✔️ 明档厨房Live秀：厨师现拉年糕/喷枪烤芝士，烟火气炸裂
✔️ 全景落地窗：俯瞰“正弘之眼”夜景，秒变《眼泪女王》约会现场
✔️ Kpop氛围组：墙上滚动打歌舞台MV，店员随新歌随机热舞",郑州韩式料理热门榜第1名,4.4,¥120/人,"1-2人,3-4人","情侣,家人,朋友,一个人",餐饮美食,韩国料理,韩国特色,"辣,咸鲜,甜咸,酸辣",不辣,"有空调,有WIFI,有大桌,商场公共卫生间","扫码点餐,宝宝椅","商场餐厅,异国风情",,,,,
114,MACAROOOO,85081,macarooooo马卡龙,郑州正弘城B1,10:00-22:00,18224510205,,"💖macaroôôô马卡龙｜郑州正弘城B1的“法甜刺客”！人均50元实现彩虹自由
✅ 真实身份核验
首店认证：上海网红品牌郑州首店（2025.3进驻），大众点评“甜品热门榜”周冠，日均售出3000+颗
工艺硬核：公示法国杏仁粉+总统黄油原料报关单，-18℃急冻锁鲜72小时
🌈 颠覆认知の暴击款
🔥 低糖天鹅绒系列（¥12/粒）
→ 独家湿心工艺！外层酥壳薄如蝶翼，内馅冰感慕斯质地（推荐海盐奥利奥/杨枝甘露），甜度降低40%
🔥 河南特供·胡辣汤马卡龙
→ 十三香粉混黑椒甘纳许，撒牛肉脆粒，本地人直呼“一口穿越方中山”
🔥 巨无霸夹心堡（¥38）
→ 4层马卡龙夹香草冰淇淋+焦糖坚果，手掌大小需两人分食
💫 沉浸式法甜剧场
✔️ 透明星空橱窗：300+颗彩虹马卡龙螺旋陈列，灯光下如宝石墙
✔️ 液氮现制秀：-196℃液氮冷冻馅料，白雾弥漫如仙境
✔️ 儿童专属区：矮柜陈列动物造型马卡龙（小熊/兔子），可DIY糖珠装饰
",,3.9,¥12/人,1-2人,"情侣,朋友,一个人",餐饮美食,面包甜点,糕点,甜,不辣,"有停车场,有空调,有WIFI","扫码点餐,可带宠物","现代简约,商场餐厅",,,,,
115,费大厨,85082,费大厨辣椒炒肉,郑州正弘城L8,10:00-22:00,18473461129,,"😍宝子们，一定要来尝尝费大厨！

他家主打辣椒炒肉，那味道绝绝子👍。店铺风格简洁明亮，装修很有特色，让人感觉超舒服😌。

人气单品辣椒炒肉，精选的猪肉🥩搭配鲜辣的青椒🌶️，猛火爆炒，香气扑鼻，吃起来特别下饭🤤。还有费大厨辣椒炒肉盖码饭，米饭粒粒饱满，裹上浓郁的酱汁，一口下去超满足😍。适合上班族、学生党或者家庭聚餐来吃，每次去都人超多🔥。宝子们快去试试吧！ ",郑州湘菜打卡人气榜第1名,4.7,¥71/人,"1-2人,3-4人","情侣,家人,朋友,一个人",餐饮美食,小吃快餐,湘菜,"辣,咸鲜",不辣,"有空调,有WIFI,有大桌,商场公共卫生间",扫码点餐,"现代简约,热闹",,,,,
116,蒲公英,85086,pogoyo,郑州正弘城L7,10:00-22:00,18538037131,,"🍴 Pogoyo葡厨｜郑州正弘城7楼的“火焰西餐秀场”！人均180元吃出伊比利亚野性
✅ 真实身份核验
武汉顶流分店：武汉江汉路人气西餐""葡厨""子品牌，2024年10月进驻郑州正弘城7楼L715，稳居大众点评西餐榜TOP3
血统认证：西班牙归国主厨领衔，店内公示5J火腿检疫单及加利西亚海鲜进口凭证
🔥 必吃核爆款
🌋 现场火焰海鲜饭（需预约）
→ 餐桌淋白兰地点火！藏红花饭垫底，铺满阿根廷红虾+新西兰青口贝，焦脆锅巴裹海鲜汁
🥓 伊比利亚风干火腿塔帕斯
→ 5J火腿36个月熟成，蜜瓜+山羊奶酪三重奏，咸甜油香在舌尖爆烟花
🍅 雪莉酒烤番茄炖牛尾
→ 澳洲牛尾炖出胶质，雪莉酒酸感解腻，蘸酸面包吃光酱汁
🎭 沉浸式狠活
✔️ 明档火焰吧台：厨师抛锅翻煎牛排，油火喷溅特效值拉满
✔️ 西班牙集市风：陶土墙挂火腿/彩绘瓷砖，弗拉门戈BGM循环洗脑
✔️ 暗号福利：对服务员说""Olé""送桑格利亚果酒",郑州西餐热门榜第4名,3.9,¥122/人,"1-2人,3-4人","情侣,家人,朋友,一个人",餐饮美食,西餐,西餐 意大利餐,"咸鲜,酸甜",不辣,"有空调,有WIFI,有大桌,商场公共卫生间","宝宝椅,可在线预定","景观位,包厢,安静",,,,,
117,B＆C,85087,B＆C,郑州正弘城L1,10:00-22:00,17320152366,," 🍰被全网追着夸的宝藏甜品店B&C来啦！
这家店真的绝绝子！一进店，欧式复古风装修就超吸睛✨ 华丽吊灯、复古壁画，满满高级感。

他们家主打甜品颜值超高，味道更是惊艳！招牌拿破仑酥，层次超丰富，酥皮轻盈酥脆，内馅绵密香甜，一口下去超满足😋 还有巴斯克芝士蛋糕，口感细腻，芝士味超浓郁。

无论是下午茶时光还是和朋友小聚，这里都超合适🥰 甜品脑袋们千万不要错过，快来B&C开启甜蜜之旅吧！

📍地址：[具体地址]

 BC 宝藏甜品店 甜品探店 ",连锁店,3.7,,1-2人,"情侣,朋友,一个人",餐饮美食,面包甜点,面包,甜,不辣,有空调,会员系统等,"现代简约,网红打卡风",,,,,
118,星姨糖水,85093,星姨糖水,郑州正弘城L8,10:00-22:00,17810258677,,"宝子们，今天必须给你们种草星姨糖水！✨

这店主打各种超好喝的糖水，店铺风格温馨又复古，一进去就感觉超治愈。装修很有特色，木质桌椅搭配暖黄灯光，氛围感拉满。

他家的人气单品超多，像芋泥啵啵西米露，芋泥绵密，啵啵 Q 弹，西米露爽滑，一口下去超满足。还有椰汁紫米露，椰香浓郁，紫米软糯香甜。不管是喜欢甜口的姐妹，还是忙碌一天想找个地方放松的打工人，都超适合来这儿。喝上一碗星姨糖水，瞬间幸福感爆棚！快来尝尝吧😋 ",金水区粤式糖水铺第1名,4.5,¥23/人,1-2人,"情侣,朋友,一个人",餐饮美食,面包甜点,甜品饮品 奶茶,甜,不辣,"有空调,有WIFI,有大桌,商场公共卫生间","扫码点餐,可在线预定","复古风,有卡座,商场餐厅",,,,,
119,鉴茶有方,85097,鉴茶有方,郑州正弘城B1,10:00-22:00,15093376490,,宝子们，今天必须给你们种草“鉴茶有方”✨！这店超有特色，装修风格独特，一进去就感觉很有格调。他家主打各种茶饮🍵，能让你轻松鉴别不同茶叶的韵味。人气单品超多，像蜜桃乌龙，茶香清新，蜜桃味超浓郁，喝一口甜到心坎。还有茉莉绿茶，清香四溢，仿佛置身茉莉花海。不管你是茶饮小白想入门，还是资深茶友想尝新，都超适合来这。在这里，你能沉浸式感受茶饮的魅力，快来开启你的鉴茶之旅吧😜！ ,金水区茶饮果汁好评榜第6名,4.4,¥16人,1-2人,"情侣,朋友,一个人",餐饮美食,茶饮果汁,甜品饮品 奶茶,甜,不辣,"有空调,有WIFI,商场公共卫生间","宝宝椅,可带宠物","等位区,地铁直达",,,,,
120,SOONSOO CHICKEN,85100,Soonsoo韩国精品炸鸡,郑州正弘城B1,10:00-22:00,17683935762,,"宝子们，今天要给你们种草一家超棒的店👉SOONSOO CHICKEN！他家主打韩式风味炸鸡，那味道简直绝了😍。店铺风格是满满的韩式风情，装修超有特色，让人仿佛置身韩国街头。

他家的人气单品超多，招牌炸鸡外酥里嫩，酱料浓郁，一口下去超满足😋。还有各种口味的炸鸡供你选择，无论是甜辣还是蒜香，都能击中你的味蕾。不仅如此，店里的氛围超赞，很适合和朋友一起来享受美食。不管你是炸鸡爱好者，还是想体验韩式风情，SOONSOO CHICKEN都绝对值得一试！快来冲呀🎉！ ",连锁店,4.4,¥37/人,"1-2人,3-4人","情侣,家人,朋友,一个人",餐饮美食,韩国料理,炸鸡炸串,"咸,辣,甜咸",不辣,"免费停车,有空调,有WIFI,商场公共卫生间","可带宠物,可在线预定","现代简约,网红打卡风",,,,,
121,坝子里菌菇鸡汤饭,85101,坝子里菌菇鸡汤饭,郑州正弘城L8,10:00-22:00,17701714851,,"宝子们，今天必须给你们安利坝子里菌菇鸡汤饭！他家主打菌菇鸡汤饭，一上桌那香气就直往鼻子里钻😍。店铺风格简约又温馨，装修很有特色，让人感觉超舒服。

那菌菇鸡汤饭堪称人气单品，鸡汤浓郁鲜美，菌菇种类丰富，和米饭拌在一起，每一口都超满足。米饭粒粒饱满，吸收了鸡汤的精华。不管是忙碌的上班族，还是追求美味的干饭人，都超适合来这儿。吃一次就忘不了，赶紧冲呀！ ",正弘中心小吃快餐口味榜第2名,4.5,¥26/人,"1-2人,3-4人","情侣,家人,朋友,一个人",餐饮美食,小吃快餐,云南菜,"咸,咸鲜,酸辣",不辣,"有停车场,有空调,有WIFI,商场公共卫生间","扫码点餐,纸巾提供","现代简约,商场餐厅",,,,,
122,那时新疆,85103,那时新疆·西夜,郑州正弘城L8,10:00-22:00,,," 🌶️一口穿越到新疆的宝藏店——那时新疆
宝子们，发现一家超有特色的新疆主题店👉那时新疆！

一进店，浓郁的西域风情扑面而来。墙壁上的新疆风光壁画、民族特色的装饰，仿佛瞬间把人拉到了神秘的新疆。

他家主打各种地道新疆美食😍。大盘鸡鸡肉鲜嫩，土豆绵软入味，面条劲道；羊肉串肥瘦相间，外焦里嫩，孜然味超香。

适合爱美食、爱新奇体验的宝子们。不管是朋友聚餐还是自己解馋，来这都超合适。在这里，能尽情感受新疆的热情与美味，真的太赞啦，赶紧冲！ ",郑州新疆菜热门榜第1名,4.4,¥80/人,"1-2人,3-4人","情侣,家人,朋友,一个人",餐饮美食,新疆菜,异域混搭,"咸,辣,甜咸,酸辣",不辣,"有空调,有大桌,商场公共卫生间,明厨亮灶","宝宝椅,儿童餐具","有卡座,景观位,商场餐厅",,,,,
123,山野.晚风叙旧,85104,SANYEE山野|精酿啤酒·下酒菜,,10:00-22:00,,," 🌿藏在城市里的小众宝藏清吧 | 山野.晚风叙旧
周末和朋友发现了一家超棒的清吧！

🎇氛围感：店里装修超有特色，暖黄灯光搭配木质桌椅，墙上还有很多复古的装饰画，就像走进了电影场景。

🍹人气单品：他家的鸡尾酒颜值超高，味道也超赞！“日落大道”层次丰富，口感酸甜，每一口都仿佛在舌尖上跳舞。

👭适合人群：特别适合下班后和朋友来放松，或者情侣约会。大家围坐在一起，听着舒缓的音乐，聊聊心事，真的太惬意啦！

📍地址：[具体地址]

 清吧 鸡尾酒 周末好去处 ",,,,,,餐饮美食,,,,不辣,,,,,,,,
124,失眠企鹅中泰旗舰店,85108,失眠企鹅精酿啤酒,,10:00-22:00,,,"😴失眠企鹅中泰旗舰店，宝藏店铺来啦！

✨店里风格超独特，装修很有特色，一进去就感觉超温馨。

🎁他们家主打产品超赞，有各种可爱又实用的小物件。人气单品更是让人爱不释手，比如那个萌萌的企鹅玩偶，手感超棒，抱着超舒服。

👨‍👩‍👧‍👦不管是自己用还是送人都超合适，适合喜欢可爱风的宝子们。每次逛都能发现新惊喜，真的太好逛啦！在这里，总能找到能戳中你心巴的好物，快来把可爱带回家吧😘。 ",,,,,,餐饮美食,,,,不辣,,,,,,,,
125,有堂古,85109,有堂古·甘草水果,郑州正弘城B1,10:00-22:00,13083640925,,"🍍有堂古甘草水果｜郑州正弘城B1的""潮汕鲜果刺客""！日切300斤的酸甜修罗场
✅ 真实身份核验
潮汕基因：汕头老字号分店，2024年11月进驻正弘城B1食光里E区，大众点评「水果饮品榜」周冠
工艺硬核：每日鲜切当季水果（源头直采公示），配秘制甘草汁+陈皮酸梅粉
🌟 必吃暴击四重奏
🔥 甘草青芒大战
→ 广西酸青芒厚切泡甘草汁，撒南姜末，脆酸激爽秒醒脑（日销200+盒）
🔥 乌梅番茄炸弹
→ 千禧小番茄夹乌梅冻，爆汁甜酸感比初恋还猛
🔥 芭乐红白双煞
→ 红心/白心芭乐双拼，蘸陈皮粉吃出咸甜三重奏
🔥 潮汕甜汤杯
→ 草粿+海石花打底，堆鲜果+芋圆，冰镇甘草汤底解暑神器
🥄 沉浸式狠活
✔️ 全透明操作台：3名刀工姨嬷现场飞切水果，刀光剑影看呆路人
✔️ 甘草汁现调：8种药材熬制，分酸甜/甘咸双版本任选
✔️ 暗号加料：喊“多加南姜”获双倍撒粉，潮汕人认证正宗
",金水区茶饮果汁打卡好评榜第3名,4.1,¥32/人,"1-2人,3-4人","情侣,家人,朋友,一个人",餐饮美食,茶饮果汁,甜品饮品 奶茶,甜,不辣,"有空调,扫码点餐","导盲犬友好,可带宠物","现代简约,放松随意",,,,,
126,雾与山茶,85110,雾与山茶,郑州正弘城L8,10:00-22:00,15036450280,,"✨宝子们，今天必须给你们种草雾与山茶！

🌿这家店风格超独特，满满的文艺气息，装修细节超有质感，一进去就像走进了梦幻的童话世界。

🎀他家主打产品超赞，茶饮颜值高又好喝，每一口都能感受到清新茶香。甜品更是绝绝子，精致得像艺术品，味道还超棒。

🧚‍♀️人气单品多得数不过来，像招牌茶饮和几款特色小蛋糕，每次去都必点。

👭不管是小姐妹聚会，还是自己去享受悠闲时光，雾与山茶都超合适！快冲呀，保证你去了就爱上！ ",,4.3,¥17/人,1-2人,"情侣,朋友,一个人",餐饮美食,茶饮果汁,甜品饮品 奶茶,甜,不辣,"有空调,扫码点餐","扫码点餐,纸巾提供","现代简约,放松随意",,,,,
127,苏小蟹,85111,苏小蟹·蟹黄面,郑州正弘城L8,10:00-22:00,13405862109,,"🦀宝子们，今天必须给你们种草苏小蟹！

这店主打各种口味的蟹黄面，店铺风格清新又明亮✨。装修特色是满满的江南风情，让人仿佛置身水乡。

人气单品蟹黄面，端上桌就能闻到浓郁的蟹香😍。蟹黄油润，面条劲道，每一口都超满足。还有蟹粉汤包，咬一口汤汁四溢。

适合喜欢吃蟹的宝子们，无论是一人食还是和朋友聚餐都超合适。真的会被苏小蟹的美味拿捏🤌，吃过一次就念念不忘，赶紧冲！ ",建业凯旋广场美食热门榜第4名,4,¥7I/人,"1-2人,3-4人","情侣,家人,朋友,一个人",餐饮美食,江浙菜,面食米粉 刀削面,咸鲜,不辣,"有停车场,有空调,有WIFI,有大桌,商场公共卫生间","宝宝椅,可带宠物,可在线预定","等位区,包厢",,,,,
128,茉酸奶,85119,茉酸奶,郑州正弘城B1,10:00-22:00,16692185571,,🥤茉酸奶真的太好喝啦！他家的装修风格简约又时尚，很适合拍照打卡📸。主打产品就是各种口味的酸奶昔，人气超高的！比如牛油果酸奶昔🥑，浓郁的牛油果味搭配醇厚酸奶，口感超赞。还有巴旦木牛油果酸奶昔，坚果的香脆和酸奶的细腻完美融合，一口下去超满足。不管是健身达人想要补充蛋白质，还是上班族想喝杯健康饮品，或者是学生党解馋，茉酸奶都超合适！快来试试吧，保证让你一口爱上💕！ ,郑州酸奶鲜奶热门榜第6名,4.4,¥21/人,"1-2人,3-4人","情侣,家人,朋友,一个人",餐饮美食,奶茶,甜品饮品 奶茶,甜,不辣,"有停车场,有空调,有WIFI,商场公共卫生间","扫码点餐,纸巾提供","现代简约,热闹",,,,,
129,肉肉大米,85124,肉肉大米,郑州正弘城B1,10:00-22:00,,,宝子们，今天必须给你们种草“肉肉大米”这家超有特色的店！它家主打各种美味肉肉，风格超有个性，装修很有氛围感，让人一进去就超放松。人气单品那叫一个绝，像招牌肉肉饭，肉肉给的超足，米饭粒粒饱满，拌上浓郁酱汁，一口下去超满足！还有各种特色小吃也超赞。适合爱吃肉的宝子们，不管是一人食还是和朋友聚餐，来这都超合适！每次去都能感受到满满的幸福感，真的爱了爱了，赶紧冲！ ,郑州美食热门榜第3名,3.9,¥70/人,1-2人,"情侣,朋友,一个人",餐饮美食,日料,铁板烧,"酸,甜,辣",不辣,"有WIFI,商场公共卫生间","扫码点餐,纸巾提供","现代简约,热闹",,,,,
130,廖记棒棒鸡,85125,廖记棒棒鸡,郑州正弘城B1,10:00-22:00,,,"😍宝子们，一定要来试试廖记棒棒鸡！他家主打各种特色卤味，味道超绝👍。店铺风格简洁明了，让人感觉干净又舒服😃。一进店就能看到整齐摆放的各类美食，看着就超有食欲🤤。

人气单品棒棒鸡，鸡肉紧实有嚼劲，料汁浓郁，一口下去超满足😍。还有夫妻肺片、藤椒鸡等也都超赞。不管是上班族当作工作餐，还是和朋友小聚当下酒菜，都再合适不过啦👏。真的是一家能让人吃了还想吃的宝藏卤味店，赶紧冲呀🎉！ ",收录6年,4,¥31/人,"1-2人,3-4人","情侣,家人,朋友,一个人",餐饮美食,川菜,串串香,"辣,咸鲜",不辣,有空调,"扫码点餐,纸巾提供","现代简约,热闹",,,,,
131,京妹老北京炸酱面,85126,京妹老北京炸酱面,郑州正弘城B1,10:00-22:00,,,😍宝子们，一定要来尝尝京妹老北京炸酱面！他家的炸酱面堪称一绝👍，面条筋道有嚼劲，肉酱浓郁喷香，每一口都超满足。店里装修充满老北京风情✨，木质桌椅、复古招牌，让人仿佛穿越回了老北京胡同。人气超旺🔥，很多人都是冲着这口地道炸酱面来的。无论是忙碌的上班族，还是想品尝正宗老北京味道的游客，都特别适合来这儿。吃一碗热气腾腾的炸酱面，感受老北京美食的独特魅力，真的太赞啦👏！ ,连锁店,3.7,¥27/人,1-2人,"情侣,朋友,一个人",餐饮美食,小吃快餐,面食米粉 刀削面,"咸,咸鲜",不辣,"有停车场,有WIFI","扫码点餐,纸巾提供","现代简约,热闹",,,,,
132,爷爷不泡茶,85147,爷爷不泡茶NOYEYENOTEA,郑州正弘城B1,10:00-22:00,1952240579319303715009、19337880503,,宝子们，今天必须给你们种草“爷爷不泡茶”😜！这店风格超独特，装修带着浓浓的国潮风，一进去就感觉穿越啦。他家主打各种创意茶饮🥤，像爷爷的宝藏茶，茶香和奶香完美融合，口感超赞。还有人气超高的手打渣男柠檬茶，清爽解腻。适合爱尝鲜、追求个性的宝子们。店员态度也超热情，服务超贴心。每次去都能看到好多人在那拍照打卡📸，真的太出片啦！宝子们快去试试，保证让你爱上~ ,金水区茶饮果汁打卡人气榜第2名,4.6,¥16/人,"1-2人,3-4人","情侣,家人,朋友,一个人",餐饮美食,奶茶,甜品饮品 奶茶,甜,不辣,"有停车场,有空调,有WIFI","扫码点餐,纸巾提供","现代简约,商场餐厅",,,,,
133,M-STAND,85151,M Stand,郑州正弘城B1,10:00-22:00,16628745675,,☕M-STAND真的太绝啦！他家的店铺风格简约又高级，装修超有特色，金属质感的桌椅搭配绿植，随手一拍都很出片📸。主打产品咖啡更是一绝，像他家的燕麦曲奇拿铁，燕麦香气与咖啡完美融合，口感丰富。还有水泥蛋糕也超火，独特的造型，味道更是让人惊艳。无论是上班族来这儿享受片刻惬意，还是小姐妹聚会聊天，都超合适。每次去都好多人，人气爆棚🔥。宝子们一定要来试试，保证你来了就爱上！ ,连锁店,4.1,¥31/人,"1-2人,3-4人","情侣,家人,朋友,一个人",餐饮美食,咖啡,咖啡茶馆 精品咖啡,"甜,苦,酸甜",不辣,"有停车场,有WIFI",可带宠物,"复古风,现代简约,商场餐厅",,,,,
134,柠季,85160,柠季·手打柠檬茶,郑州正弘城B1,10:00-22:00,,,"🥤柠季真的太绝啦！

✨门店风格超清新，装修简约又时尚，让人一进去就感觉很舒服😌。

他家主打柠檬茶🍋，各种创意口味超好喝！鸭屎香柠檬茶清爽解腻，香水柠檬茶果香浓郁。

人气单品多多，像手打渣男绿，颜值高又好喝。

适合爱喝清爽饮品的宝子们🧃。不管是逛街累了，还是想找个地方坐坐，来柠季喝上一杯，瞬间活力满满💪。而且价格实惠，性价比超高！宝子们一定要去试试呀！ ",银冠好店,4.2,¥19/人,"1-2人,3-4人","情侣,家人,朋友,一个人",餐饮美食,奶茶,甜品饮品 奶茶,"甜,酸甜",不辣,"有WIFI,商场公共卫生间","扫码点餐,纸巾提供","现代简约,商场餐厅",,,,,
135,喜茶,85173,喜茶,郑州正弘城B1,10:00-22:00,,,"宝子们，喜茶必须安利给你们！

他家装修超有特色，简约时尚又充满潮流感，随手一拍都很出片📸。

主打各种创意茶饮，每一款都颜值超高，口感更是绝绝子！像多肉葡萄，葡萄果肉超多，一口下去超满足；芝芝芒芒，浓郁的芝士搭配香甜芒果，好喝到停不下来。

不管是逛街累了想找个地方歇脚，还是和朋友聚会，喜茶都超合适。年轻人都爱来这儿，边喝美味茶饮边享受惬意时光。快来喜茶，一起开启美味之旅吧😜！ ",收录6年,4.2,¥22/人,"1-2人,3-4人","情侣,家人,朋友,一个人",餐饮美食,奶茶,甜品饮品 奶茶,甜,不辣,"有停车场,有空调,有WIFI,商场公共卫生间","扫码点餐,纸巾提供","现代简约,商场餐厅",,,,,
136,爷爷不泡茶,85175,爷爷不泡茶NOYEYENOTEA,郑州正弘城L8,10:00-22:00,1952240579319303715009、19337880503,,"宝子们，今天要给你们种草一家超有特色的店——爷爷不泡茶！

这家店的装修超有风格，古色古香，让人仿佛穿越到了旧时光。

他们家主打各种创意茶饮，每一款都颜值超高，味道更是绝绝子！人气单品[具体单品名称]，茶香与果香完美融合，口感层次丰富，一口就爱上。

不管是逛街累了想找个地方歇歇脚，还是和朋友聚会聊天，爷爷不泡茶都超合适！学生党、上班族都能在这里找到属于自己的小确幸。快来打卡，享受这份独特的茶饮时光吧！ ",金水区茶饮果汁打卡人气榜第9名,4.4,¥15/人,"1-2人,3-4人","情侣,家人,朋友,一个人",餐饮美食,奶茶,甜品饮品 奶茶,甜,不辣,"有停车场,有空调,有WIFI","扫码点餐,纸巾提供","现代简约,商场餐厅",,,,,
138,瑞幸咖啡,85177,luckin coffee,郑州正弘城L1,10:00-22:00,19139786572,,"☕瑞幸咖啡真的太懂打工人的心啦！

门店装修简约又时尚，超适合拍照打卡📸。他们家主打产品超多，生椰拿铁堪称yyds，椰香和咖啡香完美融合，一口下去超满足。还有厚乳拿铁，醇厚丝滑，奶味超浓郁。

不管是上班族来一杯提神醒脑，还是学生党课间来一杯补充能量，都超合适。而且出餐速度超快，随时随地都能享受美味咖啡。宝子们一定要试试瑞幸，相信你会爱上的！💕 ",收录6年,4.4,¥15/人,"1-2人,3-4人","情侣,家人,朋友,一个人",餐饮美食,咖啡,咖啡茶馆 精品咖啡,"甜,苦,酸甜",不辣,"有停车场,有空调,有WIFI,商场公共卫生间","扫码点餐,纸巾提供","现代简约,商场餐厅",,,,,
139,一只酸奶牛,83791,一只酸奶牛,郑州正弘城L8,10:00-22:00,19337153079,," 一口爱上一只酸奶牛😍

宝子们，一定要试试一只酸奶牛！他家装修超有特色，简约又清新，让人看着就很舒服😌。

主打各种酸奶饮品🥤，人气超高的紫米酸奶露，紫米软糯香甜，酸奶浓郁丝滑，一口下去超满足。还有牛油果酸奶昔，营养又美味，牛油果的醇厚和酸奶的清爽完美融合。

适合爱喝酸奶的宝子们，逛街累了来一杯，瞬间活力满满💪。无论是日常解馋还是朋友聚会，一只酸奶牛都超合适，快来尝尝吧！ ",银冠好店,4.1,¥15/人,"1-2人,3-4人","情侣,家人,朋友,孩子",餐饮美食,"奶茶,茶饮果汁","甜品饮品 奶茶,珍珠奶茶,茶饮空间,下午茶","酸,甜,酸甜",不辣,"有停车场,有空调,有WIFI","扫码点餐,纸巾提供,可在线预定","现代简约,有卡座,安静,明亮,浪漫",,,,,
140,詹记,83822,詹记桃酥 ,郑州正弘城B1,10:00-22:00,19937185151,,"😍宝子们，一定要来詹记呀！他家的点心种类超丰富，中式糕点和西式甜点都有，味道绝绝子！

🥧门店装修走国潮风，古色古香的，超有韵味，拍照超好看！

🧁人气单品有桃酥，又香又脆，一口一个停不下来；还有宫廷桃酥王，酥到掉渣，甜而不腻。肉松小贝也超赞，外面裹着满满的肉松，里面的蛋糕体松软湿润，一口咬下去超满足。

🤗不管是当早餐还是下午茶，詹记都很合适，学生党、上班族都爱！快来尝尝吧！ ",收录3年,4.3,¥35/人,"1-2人,3-4人","情侣,家人,朋友,孩子",餐饮美食,面包甜点,"甜品饮品 奶茶,糕点","甜,咸鲜,酸甜",不辣,"有停车场,有空调,有WIFI,商场公共卫生间","扫码点餐,纸巾提供,可在线预定","有卡座,安静,商场餐厅",,,,,
141,阿平牛杂,83824,阿平牛杂,郑州正弘城B1,10:00-22:00,13816990174,,"😍宝子们，今天必须给你们种草阿平牛杂！

他家的牛杂堪称一绝👍，食材新鲜得没话说，炖煮得超入味，每一口都香到爆。店铺风格简约又接地气，让人感觉特别亲切。

一进店，浓郁的牛杂香气就扑鼻而来。招牌牛杂是当之无愧的人气单品，牛肚脆嫩、牛筋软糯、牛肉鲜香，搭配特制酱料，简直绝绝子！无论是上班族来快速解决一顿美味午餐，还是学生党解馋，阿平牛杂都超合适。快来尝尝，保证你吃一次就忘不了！😋 ",金冠好店,4.2,¥34/人,1-2人,"情侣,家人,朋友,孩子",餐饮美食,小吃快餐,"牛杂火锅,小吃快餐 兰州拉面,面食米粉 刀削面","咸鲜,酸辣",中辣,"有停车场,有空调,有WIFI,商场公共卫生间","自助结账,纸巾提供,可在线预定","复古风,有卡座,等位区,商场餐厅",,,,,
142,‌ 红薯软软,83828,‌ 红薯软软,郑州正弘城B1,10:00-22:00,13633711385,," 🍠红薯软软 | 糯叽叽脑袋的天堂
被朋友拉着来的这家店，真的太好逛了！

店里装修超有特色，暖色调灯光加上可爱的装饰，让人感觉温馨又治愈。

他家主打各种糯叽叽的美食，像招牌红薯泥，口感细腻香甜，入口即化。还有糯米糍，软糯Q弹，内馅丰富。

不管是小朋友还是大朋友，只要你爱糯叽叽，来这就对了！我和朋友吃完直接原地种草，准备下次再带家人一起来。宝子们，答应我一定要来试试，保证你吃一次就忘不了！💕 ",正弘中心面包蛋糕甜品打卡人气榜·第 3名,4.2,¥18/人,1-2人,"情侣,家人,朋友,孩子",餐饮美食,面包甜点,"甜品饮品 奶茶,糕点","甜,酸甜",不辣,"有停车场,有空调,有WIFI,商场公共卫生间","纸巾提供,可带宠物","有卡座,安静,商场餐厅",,,,,
143,和米堂,83839,和米堂,郑州正弘城B1,10:00-22:00,1551550978,,"宝子们，快来和米堂！他家主打章鱼小丸子等小吃，店铺风格超有日系感，装修精致又温馨。

招牌章鱼小丸子太绝啦！颗颗饱满，章鱼肉超大块，咬一口外酥里嫩，酱料和木鱼花的搭配堪称灵魂，香气瞬间在嘴里炸开。还有各种口味的小丸子可以选择，满足不同味蕾。

无论是逛街时来一份当零嘴，还是下午茶时间和朋友分享，和米堂都超合适。快来和米堂，开启美味小吃之旅吧！ ",收录6年,4.2,¥18/人,1-2人,"情侣,家人,朋友,孩子",餐饮美食,小吃快餐,日韩料理 寿司,"咸鲜,酸辣,酸甜",微辣,"有停车场,有空调,有WIFI,商场公共卫生间","扫码点餐,纸巾提供","有卡座,安静,明亮,商场餐厅",,,,,
144,K22,83849,K22.酸奶草莓,郑州正弘城B1,10:00-22:00,19139855539,," 🍹K22，一口爱上的宝藏果汁店
宝子们，一定要来试试K22！他家主打鲜榨果汁，每一杯都超绝。店铺风格简约清新，装修很有特色，让人一进去就感觉超舒服。

人气单品牛油果炸弹🥑，浓郁的牛油果味混合着其他水果的香甜，口感丰富到爆。还有草莓奇遇记🍓，满满的草莓果香，酸甜可口。这里的果汁都是真材实料，无添加，喝着超放心。无论是想补充维C，还是追求健康饮品的宝子，都能在K22找到属于自己的那杯美味果汁，赶紧冲呀！ ",金水区酸奶鲜奶口味榜第1名,4.4,¥18/人,1-2人,"情侣,朋友,一个人",餐饮美食,茶饮果汁,珍珠奶茶,甜,不辣,"有停车场,有空调,有WIFI","扫码点餐,纸巾提供","现代简约,商场餐厅",,,,,
145,眷茶,84153,眷茶,郑州正弘城B1,10:00-22:00,18638789102,," 一口眷茶，爱上这抹独特风味💕
眷茶家的装修超有特色，简约中带着清新，绿植点缀，让人超放松🌿

他家主打各类创意茶饮🥤，像云顶观音牛乳茶，茶底清香，牛乳醇厚，顶上的奶盖咸甜交织，一口超满足。人气单品草莓大福牛乳茶也超赞，新鲜草莓果肉搭配软糯大福，再加上香浓牛乳，口感层次超丰富。

不管是逛街累了想找个地方歇脚，还是下午茶想小酌一杯，眷茶都超合适。学生党、上班族都爱来这，快拉上小伙伴一起，尝尝这份独特的甜蜜吧😘 ",收录6年,4.4,¥18/人,1-2人,"情侣,朋友,一个人",餐饮美食,茶饮果汁,珍珠奶茶,甜,不辣,"有停车场,有空调,有WIFI,商场公共卫生间","扫码点餐,纸巾提供","现代简约,商场餐厅",,,,,
146,茶百道,84160,茶百道,郑州正弘城B1,10:00-22:00,19903828833,,"🥤茶百道真的超好喝！

他家主打各种特色茶饮，店铺风格简约时尚，装修也很有个性，让人一眼就爱住。

人气单品超多，像杨枝甘露，满满都是料，香甜爽口；豆乳玉麒麟，豆香和茶香完美融合，口感超丰富。

不管是逛街累了，还是上班想提神，来一杯茶百道都超合适！而且它适合各种人群，学生党爱它的性价比，上班族爱它的便捷美味。每次路过都忍不住买一杯，真的太上头啦！宝子们一定要试试！ ",郑州杨枝甘露菜品榜第2名,4.2,¥18/人,1-2人,"情侣,朋友,一个人",餐饮美食,茶饮果汁,珍珠奶茶,甜,不辣,"有停车场,有空调,有WIFI,商场公共卫生间","扫码点餐,纸巾提供","现代简约,商场餐厅",,,,,
147,花千代,84188,花千代烤鱼,郑州正弘城L8,10:00-22:00,15093335162,," 🌶️花千代烤鱼，好吃到跺脚！
宝子们，花千代必须安利！他家烤鱼绝绝子😋，鱼都是现杀超新鲜，肉质超嫩。口味超多，像经典麻辣、番茄、酱香，每一种都能戳中你的味蕾。

店里装修简约时尚，灯光暖乎乎的，氛围感拉满✨。服务员态度超热情，点菜、加汤都很麻溜。

他家的人气单品香辣烤鱼，辣椒和香料的香气完全渗进鱼肉里，一口下去，外焦里嫩，麻辣过瘾，配菜也超入味。不管是小情侣约会，还是朋友聚餐，花千代都超合适，赶紧冲🐛！ ",郑州烤鱼好评榜第7名,4.7,¥62/人,"1-2人,3-4人","情侣,家人,朋友,一个人",餐饮美食,小吃快餐,烤全鱼,"咸,辣,咸鲜",不辣,"有空调,有WIFI,商场公共卫生间,明厨亮灶","纸巾提供,宝宝椅","亲子友好,商场餐厅",,,,,
148,果雨吧,84191,GuoyuBa果雨吧,郑州正弘城L8,10:00-22:00,18103835995,," 🌴果雨吧 | 宝藏饮品店大揭秘✨

宝子们，发现一家超棒的饮品店——果雨吧🎉！

一进店，清新自然的装修风格超治愈🌿，仿佛置身热带果园。

他家主打各种鲜榨果汁和特色果茶🥤，每一口都能喝到满满的果肉纤维，原汁原味超赞👍！

人气单品芒果百香果汁，浓郁的芒果香混合着百香果的酸甜，一口下去超满足😍！

无论是逛街累了想补充维C，还是朋友聚会想找个舒适的地方聊天，果雨吧都超合适👏！快拉上小伙伴一起来享受这份甜蜜与清爽吧💕！ ",收录6年,4,¥23/人,1-2人,"情侣,朋友,一个人",餐饮美食,茶饮果汁,甜品饮品 奶茶,甜,不辣,"有停车场,有空调,有WIFI,商场公共卫生间","扫码点餐,纸巾提供","现代简约,网红打卡风",,,,,
149,裕莲茶楼,84597,裕莲茶楼,郑州正弘城B1,10:00-22:00,13718281416,,"🥰宝子们，今天必须给你们种草裕莲茶楼！

他家主打中式点心，店铺风格古色古香，装修超有韵味，一进去就感觉穿越到了古代。

人气单品莲蓉酥，外皮酥脆，莲蓉馅细腻香甜，一口下去超满足。还有冰皮绿豆糕，冰冰凉凉，绿豆味超浓郁。

适合喜欢中式点心的宝子们，无论是当早餐还是下午茶都超合适。店里环境好，点心好吃，拍照也很出片📷。逛累了来这儿坐一坐，吃点美味点心，简直美滋滋！快冲！ ",郑州饮品热门榜第7名,4.3,¥23/人,1-2人,"情侣,朋友,一个人",餐饮美食,茶饮果汁,甜品饮品 奶茶,甜,不辣,"有停车场,有空调,有WIFI","扫码点餐,纸巾提供","现代简约,网红打卡风",,,,,
,卤山川,88954,卤山川,郑州正弘城B1,10:00-22:00,18749459178,,"推荐指数：⭐️⭐️⭐️⭐️⭐️
美味指数：⭐️⭐️⭐️⭐️⭐️
品牌特点：先卤后炸，肉肉更入味！区别于其他品牌的油香味，卤山川更结合卤味的香，吃着不腻
推荐餐品：生炸鸡腿🍗➕苕皮鱿鱼🦑
鸡腿特别香！外酥里嫩！苕皮软呼呼！我第一次吃这么糯叽叽的苕皮5555！
🌈鸡排普拉丝：整片的鸡胸口，只裹面浆直接炸，吃着很酥脆，纯肉是真能拉丝啊！
        
苕皮包鱿鱼：红薯粉包裹卤过的鱿鱼馅，别地方真没吃过。",正弘中心小吃好评榜第5名,4.2,¥23/人,1-2人,"情侣,家人,朋友,同事,一个人",餐饮美食,小吃快餐,炸串,"咸,辣",微辣,"有停车场,有空调,有WIFI","自助结账,纸巾提供",热闹,,,,,
,岛姜家,88955,岛姜家,郑州正弘城B1,10:00-22:00,17516195962,,"每次去岛姜家都买一大堆回家
最爱吃的零食和下饭神器
招牌的软脂渣好吃的一塌糊涂
还有风干脆脂渣、醇香肉粒粒、松板肉片片
以及青岛特色的鱼片、鱼酥和鱼皮
风琴鱿鱼超大一卷儿",正弘中心小吃快餐打卡人气榜第1名,4.3,¥24/人,"1-2人,3-4人","情侣,家人,朋友,同事,一个人",餐饮美食,小吃快餐,炸鸡炸串,咸,微微辣,"有停车场,纸巾湿巾","自助结账,纸巾提供",热闹,,,,,
,怡满分糖水铺,88956,怡满分糖水铺,郑州正弘城B1,10:00-22:00,19139781219,,"香芋椰汁西米露🥥
好喝推荐，芋头个头超级大，就是有点硬，能再软糯一点就更好了，讲真的里面的芋圆很惊艳，超软糯Q弹的，芋圆是真心做的好吃😋
        
芋圆仙草大满贯🍡我力推
他们家的仙草也超好吃啊！口感比别家的都要Q弹，里面还有一团超大紫米，这碗料超足的！！吃完超满足呢！！最后告诉你们他们家有芋圆的品我觉得可以盲点，应该都很好吃😋",,,¥22/人,"1-2人,3-4人,4-6人","情侣,家人,朋友,同事,一个人",餐饮美食,茶饮果汁,"甜品饮品 奶茶,糖水",甜,不辣,"有停车场,有空调,扫码点餐","扫码点餐,纸巾提供",热闹,,,,,
,浮光之丘,88957,浮光之丘,郑州正弘城B1,10:00-22:00,,,"做的颜值实在是太高了
现在出的那款秋日限定款
松鼠榛果园蛋糕
简直让人一见倾心
吃起来味道也不错
酥脆的坚果巧克力外层下面
有两层夹心呢
口感相当的丰富
进口的原料吃着也让人放心
1️⃣爆浆栗栗 2️⃣爆浆杨枝甘露",正弘中心面包蛋糕甜品口味榜第3名,4.4,¥34/人,"1-2人,3-4人,4-6人,6-10人","情侣,家人,朋友,孩子",餐饮美食,面包甜点,甜品饮品 奶茶,甜,不辣,"有停车场,自助结账",纸巾提供,热闹,,,,,
,礼部·新京菜中国茶,84591,礼部·新京菜中国茶,郑州正弘城L7,10:00-22:00,37153373887,,"🔥【新京菜の神仙CP公式】🔥
✨ **青瓜汁+烤鸭=解腻王炸**
用只有礼部家才有的「只此青绿」蘸鸭皮吃！清甜直接中和油腻感～解锁全网0差评吃法！
✨ **爆肚蘸麻酱+青花椒油=颅内蹦迪**
服务员小姐姐教的隐藏mix！麻酱裹着毛肚再淋一勺青花椒油🌶️，舌尖过山车既视感🎢
✨ **香椿面+糖蒜=老北京文艺复兴**
限定款炸酱面配糖蒜才是灵魂！脆甜蒜粒和香椿酱在嘴里开趴体～（吃完记得漱口水hh）
✨ 礼部家全场菜品现炒现做，直击你的味蕾。懂吃爱吃的郑州人蜂拥而至，大家见面爱问一句，“去礼部了吗？”哈哈😃感觉跟去金銮殿上朝一样！
环境和氛围感是ok的，简约风的装修很适合情侣约会，还有几个靠窗的桌位非常浪漫。
重点来了！我觉得这家是臆想出来的北京菜，烤鸭个人感觉是预制菜或工厂做好加热出菜，肉夹起来是松散的，鸭皮的油脂感没有，酱偏咸。
爆肚虽然味道不错，但它是大锅菜😂😂，完全跟爆肚不沾边，完全臆想产品。
炸酱面是做的很像炸酱面的捞面条。
绿豆粉是最好吃的，酸酸辣辣很爽口，辣椒油醋蒜汁的比例掌握的很好，三种味道非常和谐。",郑州北京菜热门榜第1名,4.2,¥104/人,"1-2人,3-4人,4-6人,6-10人,10人以上","情侣,家人,朋友,同事,客户",餐饮美食,"其他地方菜,特色私房菜",京菜,甜,不辣,"有停车场,有包厢,有空调,有WIFI,有大桌,纸巾湿巾,扫码点餐,自助结账,支持电子发票","扫码点餐,自助结账,免费热水,纸巾提供,宝宝椅","中式典雅,网红打卡风,靠窗,包厢,安静,高端典雅",,,,,
,麦记牛奶公司,88959,麦记牛奶公司,郑州正弘城B1,10:00-22:00,13613815505,,"点单推荐：
🥭芒果白雪黑糯米
芒果🥭+冰淇淋球🍨+黑糯米+牛奶冰❄️这种王炸组合🥹 怎么可能不好吃 香香甜甜但是一点都不腻 连室友都直夸好吃
        
🫧木薯大满贯
桃胶红豆🫘和木薯 黄糖熬煮 奶底竟然是悦鲜活牛乳 很古早的味道👅
        
💜香芋黑米麻薯鲜奶
问了店员是荔浦芋头 我就知道一定要点✨香芋脑袋不能错过 软糯拉丝的米麻薯 冷热不一样的味道 太合胃口了😭",正弘中心饮品热门榜第2名,4.3,¥20/人,1-2人,"情侣,家人,朋友,同事,一个人",餐饮美食,茶饮果汁,甜品饮品 奶茶,甜,不辣,"有停车场,有空调,扫码点餐","扫码点餐,纸巾提供",热闹,,,,,